,acc_X,acc_Y,acc_Z,gyro_X,gyro_Y,gyro_Z,acc
0,0.65,0.29,0.69,25.88,-105.76,11.13,0.991312261600753
1,0.65,0.3,0.68,25.91,-102.26,10.34,0.9873702446397704
2,0.65,0.31,0.67,25.82,-99.51,10.09,0.9836157786453001
3,0.65,0.31,0.67,25.27,-97.13,10.09,0.9836157786453001
4,0.65,0.33,0.66,24.45,-95.18,10.46,0.9833615815151617
5,0.65,0.33,0.66,23.45,-93.2,10.46,0.9833615815151617
6,0.67,0.34,0.66,21.95,-92.01,10.52,1.0000499987500626
7,0.67,0.34,0.65,20.43,-91.4,10.88,0.9934787365615835
8,0.67,0.34,0.64,19.33,-89.97,11.1,0.9869650449737317
9,0.74,0.37,0.65,1.55,-0.27,-1.49,1.0521406750050109
10,0.74,0.37,0.66,1.86,-0.43,-1.37,1.058347768930421
11,0.74,0.37,0.66,2.13,-0.06,-1.46,1.058347768930421
12,0.74,0.37,0.67,2.47,0.18,-1.74,1.064612605598863
13,0.74,0.37,0.66,2.87,0.21,-1.8,1.058347768930421
14,0.74,0.37,0.66,2.96,-0.09,-1.68,1.058347768930421
15,0.72,0.37,0.67,3.11,0.0,-1.37,1.0508092119885513
16,0.73,0.37,0.67,3.17,0.12,-1.25,1.0576861538282516
17,0.73,0.38,0.66,2.77,-0.27,-1.19,1.0549407566304376
18,0.73,0.37,0.67,2.56,-0.88,-1.34,1.0576861538282516
19,0.73,0.38,0.67,2.01,-1.37,-1.16,1.0612257064357233
20,0.73,0.38,0.67,1.52,-1.74,-1.13,1.0612257064357233
21,0.73,0.38,0.66,1.31,-2.13,-1.28,1.0549407566304376
22,0.73,0.37,0.67,0.91,-2.38,-1.1,1.0576861538282516
23,0.74,0.36,0.66,1.1,-2.77,-1.65,1.0548933595392476
24,0.74,0.37,0.67,1.19,-3.29,-1.86,1.064612605598863
25,0.74,0.37,0.67,1.1,-2.84,-1.65,1.064612605598863
26,0.74,0.37,0.66,1.28,-2.44,-1.98,1.058347768930421
27,0.74,0.38,0.66,0.7,-2.59,-2.1,1.0618851161966627
28,0.74,0.38,0.66,0.49,-2.96,-2.53,1.0618851161966627
29,0.74,0.38,0.67,0.49,-2.77,-2.04,1.068129205667554
30,0.74,0.38,0.66,0.24,-2.41,-1.95,1.0618851161966627
31,0.74,0.38,0.66,0.0,-2.23,-1.95,1.0618851161966627
32,0.74,0.38,0.65,-0.3,-1.95,-1.86,1.0556988206870368
33,0.74,0.38,0.66,0.03,-1.62,-2.1,1.0618851161966627
34,0.74,0.38,0.65,-0.12,-1.34,-2.23,1.0556988206870368
35,0.74,0.38,0.65,-0.15,-1.04,-2.41,1.0556988206870368
36,0.73,0.38,0.65,0.21,-0.61,-2.32,1.0487134975769121
37,0.73,0.38,0.66,0.3,-0.73,-2.35,1.0549407566304376
38,0.74,0.38,0.65,0.64,-0.55,-2.2,1.0556988206870368
39,0.74,0.38,0.65,0.91,-0.64,-2.16,1.0556988206870368
40,0.74,0.38,0.65,0.82,-0.55,-2.07,1.0556988206870368
41,0.73,0.38,0.65,1.37,-0.4,-2.2,1.0487134975769121
42,0.73,0.38,0.66,1.55,-0.15,-1.92,1.0549407566304376
43,0.73,0.37,0.65,1.65,-0.46,-1.55,1.04513157066467
44,0.73,0.38,0.65,2.1,-0.15,-1.71,1.0487134975769121
45,0.74,0.37,0.65,2.29,-0.27,-1.77,1.0521406750050109
46,0.74,0.38,0.65,2.56,-0.09,-2.01,1.0556988206870368
47,0.73,0.37,0.64,2.77,-0.03,-1.77,1.0389417693018217
48,0.74,0.37,0.64,2.65,-0.46,-1.86,1.0459923517884824
49,0.73,0.37,0.65,3.02,-0.15,-1.83,1.04513157066467
50,0.74,0.38,0.64,2.87,0.21,-1.83,1.049571341072154
51,0.74,0.38,0.64,2.53,-0.18,-1.74,1.049571341072154
52,0.74,0.38,0.64,2.26,-0.37,-2.2,1.049571341072154
53,0.74,0.38,0.65,2.07,-0.55,-2.1,1.0556988206870368
54,0.73,0.38,0.64,1.77,-0.4,-2.26,1.042544963059148
55,0.74,0.38,0.65,1.34,0.12,-2.44,1.0556988206870368
56,0.74,0.37,0.64,1.4,0.12,-2.41,1.0459923517884824
57,0.74,0.38,0.65,1.59,0.34,-2.56,1.0556988206870368
58,0.74,0.37,0.65,1.59,0.34,-2.47,1.0521406750050109
59,0.73,0.37,0.65,1.43,0.46,-2.74,1.04513157066467
60,0.74,0.37,0.65,1.49,0.76,-2.77,1.0521406750050109
61,0.74,0.37,0.65,1.8,0.91,-2.93,1.0521406750050109
62,0.74,0.38,0.65,1.95,0.73,-3.2,1.0556988206870368
63,0.74,0.38,0.65,1.92,1.01,-2.47,1.0556988206870368
64,0.73,0.38,0.65,1.89,1.04,-2.9,1.0487134975769121
65,0.73,0.38,0.65,2.01,0.98,-2.87,1.0487134975769121
66,0.74,0.38,0.66,2.07,0.76,-2.62,1.0618851161966627
67,0.74,0.39,0.66,1.62,0.95,-3.29,1.0655045753069294
68,0.73,0.38,0.65,1.89,0.55,-2.77,1.0487134975769121
69,0.74,0.38,0.65,1.77,0.7,-3.23,1.0556988206870368
70,0.74,0.38,0.66,1.31,0.43,-3.29,1.0618851161966627
71,0.74,0.38,0.65,1.4,0.58,-2.9,1.0556988206870368
72,0.74,0.38,0.65,1.34,0.88,-2.84,1.0556988206870368
73,0.74,0.38,0.66,1.31,0.64,-3.17,1.0618851161966627
74,0.74,0.38,0.65,1.34,0.46,-3.17,1.0556988206870368
75,0.74,0.38,0.65,1.83,0.24,-3.11,1.0556988206870368
76,0.74,0.38,0.66,2.38,0.55,-2.77,1.0618851161966627
77,0.74,0.38,0.66,2.16,0.4,-2.68,1.0618851161966627
78,0.74,0.37,0.66,2.59,0.12,-2.38,1.058347768930421
79,0.74,0.37,0.66,2.8,0.21,-2.38,1.058347768930421
80,0.73,0.37,0.66,3.17,-0.21,-2.16,1.0513800454640558
81,0.74,0.37,0.66,3.6,0.06,-2.29,1.058347768930421
82,0.74,0.37,0.66,3.96,0.09,-2.04,1.058347768930421
83,0.74,0.38,0.65,3.87,0.12,-2.13,1.0556988206870368
84,0.74,0.38,0.65,4.05,0.15,-2.2,1.0556988206870368
85,0.74,0.38,0.65,3.66,0.21,-2.04,1.0556988206870368
86,0.74,0.39,0.65,3.41,-0.4,-2.07,1.0593394168065304
87,0.74,0.39,0.65,2.93,-0.43,-2.23,1.0593394168065304
88,0.74,0.38,0.66,1.95,-0.3,-2.62,1.0618851161966627
89,0.75,0.38,0.65,1.55,-0.73,-2.53,1.0627323275406653
90,0.75,0.39,0.65,1.28,-0.12,-2.68,1.0663489110042734
91,0.74,0.38,0.65,1.13,0.27,-2.96,1.0556988206870368
92,0.75,0.38,0.65,0.61,0.24,-3.05,1.0627323275406653
93,0.74,0.38,0.65,0.79,0.09,-2.99,1.0556988206870368
94,0.75,0.38,0.65,1.19,0.79,-2.93,1.0627323275406653
95,0.74,0.38,0.65,1.01,0.64,-3.02,1.0556988206870368
96,0.74,0.39,0.66,1.34,0.88,-2.8,1.0655045753069294
97,0.75,0.39,0.65,1.22,0.98,-2.56,1.0663489110042734
98,0.75,0.39,0.65,1.01,1.4,-2.68,1.0663489110042734
99,0.75,0.39,0.65,0.91,1.34,-2.38,1.0663489110042734
100,0.74,0.4,0.65,0.82,1.49,-2.47,1.0630616162763098
101,0.74,0.4,0.65,1.13,2.16,-1.86,1.0630616162763098
102,0.74,0.4,0.66,1.01,1.89,-2.07,1.0692053123698928
103,0.75,0.4,0.65,0.67,1.8,-1.98,1.0700467279516348
104,0.74,0.4,0.66,0.67,2.16,-1.62,1.0692053123698928
105,0.74,0.39,0.66,0.73,1.92,-1.46,1.0655045753069294
106,0.74,0.4,0.66,1.04,1.62,-1.13,1.0692053123698928
107,0.74,0.39,0.65,1.19,1.19,-1.16,1.0593394168065304
108,0.74,0.39,0.67,1.52,0.85,-1.07,1.0717275773255068
109,0.74,0.39,0.67,1.74,1.04,-0.98,1.0717275773255068
110,0.74,0.38,0.67,2.26,0.73,-0.58,1.068129205667554
111,0.75,0.38,0.66,2.59,0.79,-0.73,1.0688779163215976
112,0.74,0.39,0.66,3.2,0.52,0.06,1.0655045753069294
113,0.72,0.38,0.66,3.51,-0.09,0.27,1.0480458005259121
114,0.73,0.38,0.67,3.99,-0.61,0.49,1.0612257064357233
115,0.74,0.38,0.66,4.3,-0.64,0.7,1.0618851161966627
116,0.75,0.38,0.67,4.15,-0.73,0.73,1.0750813922675808
117,0.74,0.38,0.66,4.3,-0.61,0.61,1.0618851161966627
118,0.74,0.38,0.66,4.21,-0.55,0.37,1.0618851161966627
119,0.73,0.38,0.66,3.6,-0.85,0.4,1.0549407566304376
120,0.74,0.38,0.66,3.35,-1.01,-0.24,1.0618851161966627
121,0.74,0.38,0.66,3.26,-0.7,-0.09,1.0618851161966627
122,0.73,0.37,0.65,2.71,-0.09,-0.06,1.04513157066467
123,0.74,0.38,0.64,2.53,-0.09,-0.46,1.049571341072154
124,0.74,0.37,0.65,2.44,0.21,-0.49,1.0521406750050109
125,0.74,0.37,0.65,2.32,0.76,-0.73,1.0521406750050109
126,0.74,0.37,0.65,2.07,0.64,-1.07,1.0521406750050109
127,0.74,0.38,0.65,2.1,1.74,-1.68,1.0556988206870368
128,0.73,0.38,0.66,1.8,1.89,-1.49,1.0549407566304376
129,0.74,0.38,0.65,1.25,1.89,-1.43,1.0556988206870368
130,0.74,0.39,0.66,0.67,2.16,-1.89,1.0655045753069294
131,0.72,0.38,0.66,0.49,1.98,-1.83,1.0480458005259121
132,0.73,0.38,0.66,0.06,1.92,-1.62,1.0549407566304376
133,0.73,0.38,0.66,0.0,1.83,-1.89,1.0549407566304376
134,0.73,0.39,0.65,-0.03,1.49,-1.71,1.0523782589924593
135,0.73,0.38,0.66,-0.21,1.07,-1.46,1.0549407566304376
136,0.73,0.38,0.67,0.34,0.95,-1.49,1.0612257064357233
137,0.73,0.38,0.66,0.52,0.73,-1.25,1.0549407566304376
138,0.73,0.38,0.67,0.52,0.49,-1.13,1.0612257064357233
139,0.73,0.38,0.66,1.22,0.34,-0.82,1.0549407566304376
140,0.73,0.38,0.67,1.71,-0.12,-0.67,1.0612257064357233
141,0.73,0.38,0.67,1.86,-0.3,-0.58,1.0612257064357233
142,0.73,0.38,0.66,2.71,-0.88,-0.3,1.0549407566304376
143,0.73,0.38,0.66,3.48,-0.61,-0.27,1.0549407566304376
144,0.73,0.38,0.66,3.99,-0.91,-0.24,1.0549407566304376
145,0.73,0.38,0.66,4.63,-0.91,0.49,1.0549407566304376
146,0.73,0.38,0.67,5.4,-0.34,0.27,1.0612257064357233
147,0.73,0.38,0.66,5.7,-0.27,0.09,1.0549407566304376
148,0.73,0.38,0.66,6.37,-0.43,-0.15,1.0549407566304376
149,0.74,0.38,0.66,6.59,-0.18,-0.18,1.0618851161966627
150,0.74,0.39,0.66,6.8,0.61,-0.21,1.0655045753069294
151,0.73,0.39,0.65,6.62,0.64,0.21,1.0523782589924593
152,0.73,0.4,0.66,5.98,0.21,-0.03,1.0623088063270492
153,0.73,0.4,0.66,6.13,0.37,-0.49,1.0623088063270492
154,0.73,0.4,0.65,5.52,0.37,-0.09,1.0561249926026748
155,0.73,0.4,0.65,5.76,0.79,0.27,1.0561249926026748
156,0.73,0.4,0.65,5.27,0.76,0.46,1.0561249926026748
157,0.73,0.4,0.65,5.0,0.3,0.52,1.0561249926026748
158,0.74,0.4,0.65,4.33,0.43,0.34,1.0630616162763098
159,0.74,0.39,0.65,3.9,0.67,0.15,1.0593394168065304
160,0.74,0.39,0.65,3.14,0.95,0.0,1.0593394168065304
161,0.73,0.39,0.65,2.44,1.07,-0.21,1.0523782589924593
162,0.74,0.39,0.64,2.1,0.82,-0.49,1.0532331175955303
163,0.73,0.39,0.65,1.68,1.01,-0.21,1.0523782589924593
164,0.74,0.39,0.64,0.91,1.28,-0.76,1.0532331175955303
165,0.74,0.38,0.65,0.15,1.16,-0.79,1.0556988206870368
166,0.74,0.38,0.65,0.0,1.65,-1.07,1.0556988206870368
167,0.73,0.38,0.65,-0.06,2.01,-0.98,1.0487134975769121
168,0.73,0.38,0.65,-0.4,2.13,-0.7,1.0487134975769121
169,0.73,0.37,0.65,-0.09,1.83,-1.16,1.04513157066467
170,0.73,0.38,0.65,0.24,1.95,-1.04,1.0487134975769121
171,0.73,0.37,0.66,1.28,2.53,-1.19,1.0513800454640558
172,0.74,0.36,0.66,1.49,2.41,-1.52,1.0548933595392476
173,0.73,0.37,0.66,2.41,3.2,-1.46,1.0513800454640558
174,0.73,0.37,0.66,3.08,3.45,-1.52,1.0513800454640558
175,0.72,0.38,0.66,3.45,3.29,-0.98,1.0480458005259121
176,0.72,0.38,0.66,3.6,2.32,-0.85,1.0480458005259121
177,0.72,0.38,0.66,3.75,2.13,-0.95,1.0480458005259121
178,0.73,0.38,0.66,3.78,2.16,-0.73,1.0549407566304376
179,0.73,0.38,0.66,3.66,1.92,-0.73,1.0549407566304376
180,0.73,0.38,0.66,3.78,1.49,-0.85,1.0549407566304376
181,0.73,0.39,0.67,3.54,1.43,-1.22,1.0648474069086145
182,0.73,0.38,0.66,3.2,1.13,-1.13,1.0549407566304376
183,0.72,0.39,0.66,3.14,0.82,-1.28,1.0517128885774862
184,0.72,0.39,0.66,2.23,0.64,-0.76,1.0517128885774862
185,0.73,0.39,0.66,2.38,0.49,-0.91,1.0585839598255775
186,0.73,0.39,0.66,2.26,0.15,-0.82,1.0585839598255775
187,0.72,0.39,0.66,1.59,0.09,-0.52,1.0517128885774862
188,0.73,0.39,0.66,1.55,0.21,-0.76,1.0585839598255775
189,0.73,0.38,0.66,1.95,0.12,-1.01,1.0549407566304376
190,0.73,0.38,0.66,1.86,0.15,-0.61,1.0549407566304376
191,0.73,0.38,0.65,2.44,0.3,-0.55,1.0487134975769121
192,0.73,0.38,0.66,2.71,0.27,-0.82,1.0549407566304376
193,0.73,0.38,0.66,2.93,0.3,-0.98,1.0549407566304376
194,0.73,0.38,0.66,3.11,-0.18,-1.13,1.0549407566304376
195,0.73,0.38,0.65,3.26,0.55,-0.79,1.0487134975769121
196,0.72,0.38,0.66,3.63,0.58,-0.85,1.0480458005259121
197,0.73,0.38,0.66,3.63,0.88,-0.52,1.0549407566304376
198,0.73,0.38,0.65,3.81,1.04,-0.67,1.0487134975769121
199,0.73,0.38,0.66,3.57,1.19,-0.91,1.0549407566304376
200,0.75,0.38,0.66,3.66,0.98,-1.07,1.0688779163215976
201,0.73,0.39,0.66,3.51,0.85,-0.61,1.0585839598255775
202,0.73,0.39,0.67,3.2,1.16,-1.04,1.0648474069086145
203,0.73,0.38,0.66,2.8,0.79,-1.19,1.0549407566304376
204,0.73,0.38,0.66,2.47,0.79,-1.4,1.0549407566304376
205,0.73,0.37,0.66,2.01,0.64,-1.74,1.0513800454640558
206,0.73,0.38,0.66,1.83,0.67,-1.71,1.0549407566304376
207,0.73,0.38,0.66,1.55,0.85,-1.55,1.0549407566304376
208,0.73,0.38,0.66,1.4,0.91,-1.68,1.0549407566304376
209,0.73,0.38,0.66,1.13,0.79,-1.98,1.0549407566304376
210,0.73,0.37,0.66,0.79,1.16,-1.74,1.0513800454640558
211,0.73,0.38,0.66,1.1,0.95,-1.68,1.0549407566304376
212,0.73,0.37,0.67,1.49,0.95,-1.71,1.0576861538282516
213,0.72,0.38,0.66,1.52,0.79,-1.55,1.0480458005259121
214,0.72,0.37,0.67,1.77,0.43,-1.74,1.0508092119885513
215,0.72,0.38,0.67,2.01,0.27,-1.49,1.054371850914088
216,0.72,0.38,0.66,2.1,0.15,-1.46,1.0480458005259121
217,0.73,0.38,0.67,2.07,0.18,-1.22,1.0612257064357233
218,0.72,0.38,0.67,2.62,-0.34,-1.07,1.054371850914088
219,0.72,0.38,0.67,2.87,-0.58,-0.95,1.054371850914088
220,0.73,0.38,0.67,2.99,-0.82,-0.88,1.0612257064357233
221,0.73,0.38,0.67,2.93,-1.25,-1.22,1.0612257064357233
222,0.72,0.38,0.67,2.84,-1.62,-1.01,1.054371850914088
223,0.73,0.39,0.66,2.71,-1.25,-1.01,1.0585839598255775
224,0.72,0.39,0.66,2.74,-1.62,-0.95,1.0517128885774862
225,0.73,0.39,0.66,2.47,-1.95,-1.07,1.0585839598255775
226,0.73,0.39,0.65,2.38,-1.98,-1.13,1.0523782589924593
227,0.73,0.39,0.65,2.13,-1.34,-0.73,1.0523782589924593
228,0.73,0.39,0.66,2.1,-1.31,-1.1,1.0585839598255775
229,0.74,0.38,0.65,2.13,-1.34,-1.22,1.0556988206870368
230,0.74,0.38,0.66,2.2,-0.95,-0.91,1.0618851161966627
231,0.74,0.39,0.66,2.53,-0.55,-0.95,1.0655045753069294
232,0.74,0.39,0.66,2.26,-0.79,-1.46,1.0655045753069294
233,0.74,0.39,0.66,2.29,-0.49,-1.68,1.0655045753069294
234,0.74,0.39,0.66,2.47,-0.21,-1.28,1.0655045753069294
235,0.74,0.39,0.66,2.16,-0.15,-1.55,1.0655045753069294
236,0.74,0.4,0.66,2.13,-0.12,-1.68,1.0692053123698928
237,0.74,0.39,0.66,2.16,-0.06,-1.1,1.0655045753069294
238,0.74,0.39,0.65,2.41,-0.18,-1.16,1.0593394168065304
239,0.74,0.4,0.65,2.38,-0.09,-0.98,1.0630616162763098
240,0.74,0.4,0.66,2.35,0.03,-1.25,1.0692053123698928
241,0.73,0.4,0.66,1.86,-0.21,-0.98,1.0623088063270492
242,0.73,0.4,0.65,1.89,-0.67,-0.76,1.0561249926026748
243,0.73,0.39,0.65,2.04,-0.34,-0.21,1.0523782589924593
244,0.73,0.4,0.67,2.65,-0.55,0.03,1.0685504199615476
245,0.73,0.4,0.66,2.53,-0.43,0.4,1.0623088063270492
246,0.73,0.39,0.66,2.59,-1.43,0.55,1.0585839598255775
247,0.73,0.39,0.66,3.11,-1.43,0.79,1.0585839598255775
248,0.73,0.39,0.66,3.72,-1.28,0.73,1.0585839598255775
249,0.73,0.39,0.66,4.79,-1.31,1.19,1.0585839598255775
250,0.73,0.38,0.66,5.24,-1.4,1.22,1.0549407566304376
251,0.73,0.38,0.66,5.79,-1.77,1.34,1.0549407566304376
252,0.73,0.38,0.66,5.98,-1.77,1.28,1.0549407566304376
253,0.73,0.38,0.66,6.28,-1.43,1.01,1.0549407566304376
254,0.73,0.38,0.66,6.92,-1.37,0.98,1.0549407566304376
255,0.73,0.38,0.66,6.92,-1.28,1.04,1.0549407566304376
256,0.73,0.39,0.66,6.68,-1.62,0.82,1.0585839598255775
257,0.73,0.38,0.66,6.55,-2.07,0.95,1.0549407566304376
258,0.74,0.38,0.66,6.43,-1.37,0.76,1.0618851161966627
259,0.74,0.38,0.66,6.4,-0.91,0.76,1.0618851161966627
260,0.73,0.39,0.65,6.25,-0.76,0.49,1.0523782589924593
261,0.73,0.39,0.66,6.04,-0.91,0.79,1.0585839598255775
262,0.73,0.39,0.65,5.98,-0.85,0.34,1.0523782589924593
263,0.73,0.39,0.66,5.58,-0.91,0.49,1.0585839598255775
264,0.73,0.39,0.65,5.3,-0.43,0.64,1.0523782589924593
265,0.73,0.39,0.66,4.82,-0.49,0.55,1.0585839598255775
266,0.73,0.39,0.66,4.18,-0.18,0.58,1.0585839598255775
267,0.73,0.39,0.65,3.6,-0.21,0.0,1.0523782589924593
268,0.73,0.39,0.65,2.9,-0.95,-0.03,1.0523782589924593
269,0.73,0.39,0.65,2.2,-0.55,-0.37,1.0523782589924593
270,0.73,0.39,0.66,1.8,-0.49,-0.24,1.0585839598255775
271,0.73,0.39,0.65,1.07,-0.85,-0.95,1.0523782589924593
272,0.73,0.39,0.65,0.73,-0.64,-0.79,1.0523782589924593
273,0.73,0.39,0.65,0.37,-0.73,-0.82,1.0523782589924593
274,0.73,0.39,0.66,0.12,-0.85,-0.82,1.0585839598255775
275,0.73,0.39,0.66,-0.15,-0.7,-1.19,1.0585839598255775
276,0.73,0.39,0.66,0.06,-0.82,-1.22,1.0585839598255775
277,0.73,0.39,0.65,-0.06,-0.82,-0.88,1.0523782589924593
278,0.73,0.38,0.65,-0.09,-0.76,-1.07,1.0487134975769121
279,0.73,0.38,0.66,0.49,-0.58,-1.04,1.0549407566304376
280,0.73,0.38,0.65,1.01,-0.55,-0.67,1.0487134975769121
281,0.73,0.37,0.66,1.46,-0.46,-0.88,1.0513800454640558
282,0.73,0.38,0.65,1.8,-0.37,-0.58,1.0487134975769121
283,0.73,0.38,0.66,2.65,-0.34,-0.7,1.0549407566304376
284,0.73,0.38,0.65,2.62,-0.52,-0.58,1.0487134975769121
285,0.73,0.38,0.66,2.47,-0.88,-0.61,1.0549407566304376
286,0.73,0.39,0.65,2.77,-0.88,-0.7,1.0523782589924593
287,0.73,0.39,0.66,2.5,-0.82,-0.85,1.0585839598255775
288,0.73,0.39,0.66,2.23,-1.07,-0.52,1.0585839598255775
289,0.73,0.39,0.66,1.65,-1.62,-0.95,1.0585839598255775
290,0.73,0.39,0.66,1.34,-1.74,-0.98,1.0585839598255775
291,0.73,0.38,0.65,0.7,-1.83,-1.01,1.0487134975769121
292,0.73,0.39,0.65,0.73,-1.46,-1.07,1.0523782589924593
293,0.74,0.39,0.66,0.58,-1.71,-1.22,1.0655045753069294
294,0.73,0.39,0.65,0.4,-1.86,-1.77,1.0523782589924593
295,0.75,0.39,0.65,0.55,-1.68,-1.68,1.0663489110042734
296,0.72,0.39,0.65,0.34,-1.8,-1.59,1.0454664030948102
297,0.74,0.39,0.65,0.61,-1.28,-1.4,1.0593394168065304
298,0.73,0.39,0.65,0.64,-0.88,-1.46,1.0523782589924593
299,0.74,0.39,0.64,0.82,-0.98,-1.52,1.0532331175955303
300,0.74,0.39,0.64,1.19,-0.46,-1.74,1.0532331175955303
301,0.74,0.39,0.65,1.22,-0.34,-1.77,1.0593394168065304
302,0.74,0.39,0.64,1.25,-0.3,-1.71,1.0532331175955303
303,0.74,0.39,0.65,1.07,-0.15,-1.59,1.0593394168065304
304,0.74,0.39,0.65,1.1,-0.06,-1.22,1.0593394168065304
305,0.74,0.4,0.65,1.16,0.24,-1.01,1.0630616162763098
306,0.73,0.39,0.64,1.31,-0.34,-1.16,1.0462313319720453
307,0.74,0.39,0.65,1.13,-0.55,-1.16,1.0593394168065304
308,0.75,0.39,0.65,1.25,-0.55,-0.73,1.0663489110042734
309,0.72,0.39,0.65,1.25,-0.64,-1.01,1.0454664030948102
310,0.73,0.39,0.65,1.52,-0.7,-0.37,1.0523782589924593
311,0.73,0.38,0.65,1.59,-0.88,-0.67,1.0487134975769121
312,0.73,0.38,0.65,2.01,-0.82,-0.64,1.0487134975769121
313,0.75,0.38,0.65,2.04,-0.61,-1.01,1.0627323275406653
314,0.73,0.38,0.65,2.53,-0.82,-0.73,1.0487134975769121
315,0.75,0.38,0.65,2.96,-0.4,-0.64,1.0627323275406653
316,0.73,0.38,0.65,3.17,-0.61,-0.46,1.0487134975769121
317,0.73,0.38,0.65,3.41,-0.7,-0.7,1.0487134975769121
318,0.73,0.38,0.65,3.66,-0.67,-0.43,1.0487134975769121
319,0.73,0.38,0.65,3.78,-0.49,-0.61,1.0487134975769121
320,0.73,0.37,0.64,3.23,-0.76,-1.04,1.0389417693018217
321,0.73,0.37,0.65,3.23,-1.19,-1.01,1.04513157066467
322,0.73,0.38,0.65,3.02,-1.34,-1.13,1.0487134975769121
323,0.73,0.38,0.65,2.59,-1.1,-1.16,1.0487134975769121
324,0.73,0.38,0.65,2.62,-0.98,-1.37,1.0487134975769121
325,0.74,0.38,0.65,2.9,-0.79,-1.37,1.0556988206870368
326,0.74,0.38,0.66,2.47,-1.16,-2.13,1.0618851161966627
327,0.73,0.36,0.67,2.23,-2.35,-1.86,1.054229576515476
328,0.73,0.37,0.67,4.15,-0.98,-1.43,1.0576861538282516
329,0.72,0.39,0.66,4.48,-0.88,-1.16,1.0517128885774862
330,0.72,0.38,0.67,4.7,-2.56,-1.04,1.054371850914088
331,0.74,0.38,0.67,5.37,-2.47,-1.4,1.068129205667554
332,0.73,0.38,0.66,5.37,-2.93,-1.22,1.0549407566304376
333,0.73,0.39,0.66,5.64,-2.47,-0.98,1.0585839598255775
334,0.74,0.39,0.65,5.76,-2.16,-0.85,1.0593394168065304
335,0.74,0.39,0.65,5.46,-3.48,-1.19,1.0593394168065304
336,0.74,0.4,0.65,5.27,-3.81,-1.59,1.0630616162763098
337,0.74,0.4,0.66,5.15,-2.8,-1.1,1.0692053123698928
338,0.74,0.41,0.65,4.85,-2.62,-0.64,1.0668645649753299
339,0.74,0.41,0.65,4.3,-2.62,-0.67,1.0668645649753299
340,0.73,0.41,0.65,3.35,-2.53,-0.21,1.0599528291391085
341,0.74,0.41,0.65,2.62,-2.77,-0.18,1.0668645649753299
342,0.74,0.41,0.65,1.92,-2.96,-0.37,1.0668645649753299
343,0.74,0.41,0.65,1.01,-2.5,-0.12,1.0668645649753299
344,0.74,0.4,0.65,0.91,-2.56,-0.03,1.0630616162763098
345,0.74,0.39,0.65,0.82,-2.26,-0.15,1.0593394168065304
346,0.74,0.39,0.65,1.01,-1.92,-0.24,1.0593394168065304
347,0.74,0.39,0.65,1.31,-2.29,-0.43,1.0593394168065304
348,0.74,0.38,0.66,1.46,-1.95,-1.04,1.0618851161966627
349,0.74,0.38,0.65,1.65,-1.92,-0.67,1.0556988206870368
350,0.74,0.38,0.65,2.47,-2.04,-0.91,1.0556988206870368
351,0.74,0.38,0.65,2.53,-2.16,-0.3,1.0556988206870368
352,0.74,0.38,0.64,3.45,-2.1,-0.18,1.049571341072154
353,0.74,0.37,0.65,4.05,-1.65,0.24,1.0521406750050109
354,0.74,0.37,0.65,4.27,-2.2,-0.03,1.0521406750050109
355,0.74,0.37,0.65,4.6,-2.16,-0.34,1.0521406750050109
356,0.74,0.38,0.65,5.03,-1.95,0.24,1.0556988206870368
357,0.74,0.38,0.64,4.82,-2.1,-0.18,1.049571341072154
358,0.74,0.39,0.64,4.88,-2.01,0.06,1.0532331175955303
359,0.74,0.38,0.64,4.79,-2.13,-0.27,1.049571341072154
360,0.74,0.38,0.64,5.06,-2.16,-0.06,1.049571341072154
361,0.74,0.39,0.64,4.94,-1.74,-0.09,1.0532331175955303
362,0.75,0.39,0.64,4.6,-2.32,-0.15,1.0602829810951415
363,0.74,0.39,0.64,3.99,-2.04,0.03,1.0532331175955303
364,0.75,0.39,0.63,3.11,-2.07,-0.27,1.0542770034483346
365,0.74,0.39,0.64,2.99,-1.86,-0.24,1.0532331175955303
366,0.74,0.4,0.64,2.1,-1.65,-0.21,1.056976820937905
367,0.75,0.39,0.64,1.86,-1.59,-0.24,1.0602829810951415
368,0.75,0.39,0.63,1.43,-1.74,-0.46,1.0542770034483346
369,0.75,0.39,0.64,1.43,-1.16,-0.73,1.0602829810951415
370,0.75,0.39,0.64,1.55,-0.76,-0.76,1.0602829810951415
371,0.74,0.39,0.64,1.31,-0.24,-0.58,1.0532331175955303
372,0.74,0.39,0.65,1.46,0.09,-0.82,1.0593394168065304
373,0.75,0.39,0.64,1.13,0.24,-0.64,1.0602829810951415
374,0.74,0.39,0.64,1.1,-0.03,-0.98,1.0532331175955303
375,0.75,0.39,0.65,1.01,0.06,-0.76,1.0663489110042734
376,0.74,0.4,0.64,1.07,0.79,-0.82,1.056976820937905
377,0.74,0.4,0.65,1.07,0.52,-0.88,1.0630616162763098
378,0.74,0.4,0.65,0.7,0.15,-0.85,1.0630616162763098
379,0.73,0.4,0.65,0.82,0.18,-1.07,1.0561249926026748
380,0.73,0.4,0.65,0.91,0.09,-0.4,1.0561249926026748
381,0.73,0.39,0.65,1.13,-0.27,-0.18,1.0523782589924593
382,0.73,0.39,0.65,1.43,-0.21,0.12,1.0523782589924593
383,0.73,0.39,0.65,1.8,-0.55,0.0,1.0523782589924593
384,0.73,0.38,0.65,2.04,-0.55,0.15,1.0487134975769121
385,0.72,0.38,0.66,2.93,-1.07,-0.15,1.0480458005259121
386,0.72,0.38,0.65,3.26,-0.82,0.09,1.0417773274553443
387,0.73,0.37,0.65,3.69,-1.04,-0.21,1.04513157066467
388,0.73,0.37,0.65,4.63,-1.04,0.3,1.04513157066467
389,0.72,0.37,0.64,4.79,-1.1,0.09,1.0319399207318225
390,0.72,0.37,0.65,5.27,-1.34,-0.18,1.0381714694596458
391,0.72,0.37,0.65,5.4,-1.28,0.0,1.0381714694596458
392,0.74,0.37,0.64,5.34,-1.49,-0.49,1.0459923517884824
393,0.75,0.38,0.64,5.03,-1.13,-0.58,1.0566456359631644
394,0.74,0.38,0.64,4.76,-1.46,-1.16,1.049571341072154
395,0.74,0.37,0.65,4.79,-1.22,-1.1,1.0521406750050109
396,0.72,0.38,0.64,5.12,-1.31,-1.1,1.0355674772799695
397,0.74,0.39,0.65,5.03,-0.79,-1.07,1.0593394168065304
398,0.74,0.39,0.64,4.76,-1.83,-1.55,1.0532331175955303
399,0.74,0.38,0.64,4.3,-1.77,-1.52,1.049571341072154
400,0.74,0.39,0.64,3.9,-1.28,-1.46,1.0532331175955303
401,0.74,0.4,0.64,3.35,-0.95,-1.43,1.056976820937905
402,0.74,0.4,0.64,2.9,-0.64,-1.74,1.056976820937905
403,0.74,0.4,0.64,2.23,-1.04,-1.49,1.056976820937905
404,0.75,0.4,0.63,1.52,-1.22,-1.46,1.0580170130957254
405,0.74,0.4,0.63,0.98,-0.67,-1.8,1.050951949424901
406,0.75,0.39,0.64,0.67,-0.18,-1.8,1.0602829810951415
407,0.75,0.4,0.64,0.46,-0.27,-1.74,1.0640018796975879
408,0.74,0.4,0.64,0.43,-0.15,-1.74,1.056976820937905
409,0.74,0.39,0.64,0.4,0.03,-1.77,1.0532331175955303
410,0.74,0.39,0.64,0.43,0.27,-1.89,1.0532331175955303
411,0.74,0.39,0.64,0.55,0.3,-1.25,1.0532331175955303
412,0.74,0.39,0.65,0.91,0.12,-1.77,1.0593394168065304
413,0.74,0.39,0.65,1.31,0.46,-1.25,1.0593394168065304
414,0.74,0.39,0.65,1.62,0.34,-1.25,1.0593394168065304
415,0.74,0.39,0.64,2.16,0.3,-1.04,1.0532331175955303
416,0.74,0.39,0.64,2.16,0.15,-0.73,1.0532331175955303
417,0.74,0.39,0.64,2.53,-0.21,-0.85,1.0532331175955303
418,0.74,0.39,0.65,3.08,-0.61,-0.58,1.0593394168065304
419,0.74,0.38,0.64,3.08,-0.52,-0.46,1.049571341072154
420,0.74,0.39,0.65,3.63,-0.95,-0.3,1.0593394168065304
421,0.75,0.38,0.64,3.69,-0.85,-0.27,1.0566456359631644
422,0.75,0.39,0.64,3.87,-0.98,-0.27,1.0602829810951415
423,0.75,0.39,0.64,3.93,-1.04,-0.24,1.0602829810951415
424,0.75,0.39,0.63,3.57,-1.07,-0.4,1.0542770034483346
425,0.75,0.4,0.64,3.51,-1.28,-0.18,1.0640018796975879
426,0.74,0.39,0.64,3.23,-1.01,-0.46,1.0532331175955303
427,0.74,0.38,0.64,3.6,-0.88,-0.15,1.049571341072154
428,0.75,0.39,0.64,3.45,-0.79,-0.06,1.0602829810951415
429,0.75,0.38,0.63,3.51,-1.19,-0.12,1.0506188652408637
430,0.75,0.39,0.64,3.81,-0.4,-0.21,1.0602829810951415
431,0.75,0.38,0.63,3.87,0.18,-0.12,1.0506188652408637
432,0.75,0.39,0.63,3.66,0.03,-0.58,1.0542770034483346
433,0.75,0.38,0.63,3.45,-0.03,-0.52,1.0506188652408637
434,0.75,0.39,0.64,3.32,0.46,-0.27,1.0602829810951415
435,0.75,0.39,0.64,3.05,0.76,-0.37,1.0602829810951415
436,0.75,0.39,0.63,2.35,-0.03,-0.85,1.0542770034483346
437,0.75,0.39,0.63,1.95,0.09,-1.07,1.0542770034483346
438,0.75,0.4,0.63,1.74,-0.09,-0.95,1.0580170130957254
439,0.74,0.4,0.64,1.28,0.27,-0.58,1.056976820937905
440,0.74,0.4,0.63,1.01,0.0,-0.67,1.050951949424901
441,0.74,0.4,0.63,0.49,0.15,-0.64,1.050951949424901
442,0.75,0.39,0.64,0.61,-0.03,-0.49,1.0602829810951415
443,0.75,0.39,0.64,0.64,0.0,-0.98,1.0602829810951415
444,0.74,0.39,0.64,1.19,0.24,-0.73,1.0532331175955303
445,0.75,0.39,0.64,1.01,0.3,-0.55,1.0602829810951415
446,0.74,0.39,0.64,1.68,0.21,-0.3,1.0532331175955303
447,0.74,0.39,0.64,1.86,0.3,-0.21,1.0532331175955303
448,0.74,0.38,0.65,2.35,0.52,-0.03,1.0556988206870368
449,0.74,0.39,0.64,2.62,0.79,0.12,1.0532331175955303
450,0.74,0.39,0.64,2.96,1.01,0.27,1.0532331175955303
451,0.74,0.39,0.64,3.45,0.76,0.06,1.0532331175955303
452,0.74,0.38,0.64,3.78,0.7,-0.27,1.049571341072154
453,0.74,0.38,0.64,3.84,0.79,0.18,1.049571341072154
454,0.74,0.39,0.65,3.99,1.13,-0.24,1.0593394168065304
455,0.74,0.39,0.65,4.36,1.31,0.15,1.0593394168065304
456,0.74,0.39,0.64,3.87,1.4,-0.09,1.0532331175955303
457,0.74,0.39,0.64,3.84,0.64,0.12,1.0532331175955303
458,0.74,0.39,0.64,3.35,0.43,0.21,1.0532331175955303
459,0.74,0.39,0.65,3.26,0.52,-0.06,1.0593394168065304
460,0.74,0.39,0.65,2.56,0.12,0.0,1.0593394168065304
461,0.74,0.38,0.66,2.44,0.0,-0.21,1.0618851161966627
462,0.74,0.38,0.65,2.44,-0.15,-0.4,1.0556988206870368
463,0.74,0.38,0.65,2.53,-0.34,-0.49,1.0556988206870368
464,0.74,0.38,0.65,2.5,-0.18,-0.79,1.0556988206870368
465,0.74,0.38,0.65,2.2,-0.27,-1.16,1.0556988206870368
466,0.73,0.38,0.65,2.29,-0.18,-1.16,1.0487134975769121
467,0.74,0.38,0.65,2.35,-0.12,-1.34,1.0556988206870368
468,0.74,0.38,0.65,2.47,0.34,-1.34,1.0556988206870368
469,0.74,0.39,0.65,2.35,0.3,-1.46,1.0593394168065304
470,0.73,0.39,0.65,1.95,0.58,-1.31,1.0523782589924593
471,0.74,0.39,0.65,2.04,1.1,-1.07,1.0593394168065304
472,0.75,0.39,0.65,1.74,0.79,-0.98,1.0663489110042734
473,0.73,0.39,0.65,1.92,1.16,-1.04,1.0523782589924593
474,0.74,0.39,0.65,1.62,0.76,-1.01,1.0593394168065304
475,0.73,0.38,0.65,1.65,0.55,-1.25,1.0487134975769121
476,0.73,0.38,0.66,2.32,0.58,-0.91,1.0549407566304376
477,0.73,0.38,0.65,2.35,0.61,-0.88,1.0487134975769121
478,0.73,0.39,0.66,2.53,0.03,-0.88,1.0585839598255775
479,0.73,0.39,0.66,2.71,-0.18,-1.1,1.0585839598255775
480,0.73,0.39,0.66,2.99,-0.43,-1.01,1.0585839598255775
481,0.73,0.38,0.66,3.23,-0.82,-0.79,1.0549407566304376
482,0.73,0.38,0.65,3.48,-0.85,-0.46,1.0487134975769121
483,0.73,0.38,0.66,3.78,-0.95,-0.85,1.0549407566304376
484,0.73,0.39,0.66,4.02,-1.22,-0.76,1.0585839598255775
485,0.73,0.39,0.65,4.15,-1.46,-1.1,1.0523782589924593
486,0.73,0.38,0.65,3.9,-1.65,-1.37,1.0487134975769121
487,0.74,0.39,0.65,4.57,-1.34,-1.62,1.0593394168065304
488,0.74,0.39,0.65,4.97,-0.64,-1.46,1.0593394168065304
489,0.75,0.39,0.64,4.7,-0.58,-1.22,1.0602829810951415
490,0.74,0.39,0.64,4.66,-0.61,-1.49,1.0532331175955303
491,0.74,0.39,0.64,4.66,-0.27,-1.43,1.0532331175955303
492,0.74,0.4,0.64,4.33,-0.24,-1.31,1.056976820937905
493,0.74,0.4,0.64,4.05,0.58,-1.71,1.056976820937905
494,0.74,0.4,0.64,3.6,0.43,-1.52,1.056976820937905
495,0.75,0.4,0.64,2.87,0.73,-1.86,1.0640018796975879
496,0.74,0.4,0.64,2.53,0.55,-1.59,1.056976820937905
497,0.74,0.4,0.63,2.01,0.21,-1.83,1.050951949424901
498,0.74,0.4,0.64,1.83,0.24,-1.59,1.056976820937905
499,0.74,0.39,0.64,0.98,-0.24,-1.98,1.0532331175955303
500,0.75,0.39,0.64,1.52,0.15,-2.13,1.0602829810951415
501,0.75,0.39,0.63,1.25,0.15,-2.38,1.0542770034483346
502,0.74,0.39,0.63,1.55,-0.03,-2.35,1.0471867073258714
503,0.74,0.38,0.64,1.95,0.34,-2.35,1.049571341072154
504,0.75,0.39,0.63,2.32,0.67,-2.2,1.0542770034483346
505,0.75,0.39,0.63,2.38,0.18,-2.1,1.0542770034483346
506,0.74,0.39,0.63,2.1,0.43,-1.89,1.0471867073258714
507,0.74,0.4,0.63,2.62,0.49,-1.74,1.050951949424901
508,0.74,0.39,0.63,2.04,0.15,-1.43,1.0471867073258714
509,0.74,0.4,0.63,1.8,-0.03,-1.37,1.050951949424901
510,0.74,0.4,0.63,1.8,0.27,-1.37,1.050951949424901
511,0.74,0.39,0.63,1.68,0.03,-1.34,1.0471867073258714
512,0.74,0.39,0.63,1.92,-0.09,-1.28,1.0471867073258714
513,0.74,0.39,0.64,1.98,0.03,-0.98,1.0532331175955303
514,0.74,0.39,0.64,2.41,0.27,-1.19,1.0532331175955303
515,0.74,0.39,0.64,2.07,0.06,-0.95,1.0532331175955303
516,0.74,0.39,0.64,2.23,0.0,-1.19,1.0532331175955303
517,0.74,0.39,0.64,2.41,0.15,-1.31,1.0532331175955303
518,0.75,0.39,0.64,2.5,0.61,-1.65,1.0602829810951415
519,0.74,0.39,0.64,2.47,0.61,-1.52,1.0532331175955303
520,0.74,0.39,0.64,2.68,0.82,-1.4,1.0532331175955303
521,0.74,0.4,0.64,2.87,0.98,-1.46,1.056976820937905
522,0.74,0.4,0.63,2.32,1.1,-1.4,1.050951949424901
523,0.74,0.4,0.64,2.16,1.1,-1.43,1.056976820937905
524,0.74,0.4,0.64,1.74,1.43,-1.13,1.056976820937905
525,0.75,0.4,0.64,1.49,1.71,-1.37,1.0640018796975879
526,0.74,0.4,0.64,1.19,1.62,-1.13,1.056976820937905
527,0.74,0.4,0.64,1.22,1.52,-0.91,1.056976820937905
528,0.73,0.4,0.64,1.07,1.37,-1.31,1.05
529,0.74,0.4,0.65,0.85,1.19,-0.95,1.0630616162763098
530,0.74,0.39,0.65,0.61,0.82,-0.85,1.0593394168065304
531,0.73,0.39,0.65,0.82,0.7,-1.19,1.0523782589924593
532,0.74,0.39,0.66,1.22,0.4,-0.95,1.0655045753069294
533,0.73,0.39,0.66,1.52,-0.3,-0.67,1.0585839598255775
534,0.74,0.39,0.65,1.98,-0.24,-0.37,1.0593394168065304
535,0.73,0.39,0.65,2.68,-0.4,-0.18,1.0523782589924593
536,0.74,0.38,0.66,3.17,-0.73,-0.46,1.0618851161966627
537,0.74,0.38,0.65,3.84,-1.28,0.0,1.0556988206870368
538,0.74,0.39,0.66,4.24,-1.25,-0.46,1.0655045753069294
539,0.74,0.39,0.65,4.6,-1.62,-0.34,1.0593394168065304
540,0.74,0.39,0.65,4.54,-1.74,-0.21,1.0593394168065304
541,0.74,0.39,0.65,4.45,-1.74,-0.15,1.0593394168065304
542,0.74,0.39,0.65,4.15,-2.1,-0.15,1.0593394168065304
543,0.74,0.39,0.65,3.87,-2.2,-0.09,1.0593394168065304
544,0.74,0.39,0.64,3.48,-2.29,-0.21,1.0532331175955303
545,0.74,0.39,0.64,2.9,-1.74,-0.52,1.0532331175955303
546,0.75,0.39,0.64,2.47,-1.55,-1.04,1.0602829810951415
547,0.74,0.4,0.64,1.83,-1.01,-1.13,1.056976820937905
548,0.75,0.4,0.64,1.01,-0.85,-1.25,1.0640018796975879
549,0.74,0.41,0.64,0.46,-0.55,-1.86,1.060801583709225
550,0.75,0.41,0.64,-0.52,-0.3,-1.77,1.067801479676817
551,0.74,0.4,0.64,-0.76,-0.06,-1.68,1.056976820937905
552,0.74,0.4,0.64,-0.76,0.3,-1.62,1.056976820937905
553,0.74,0.4,0.64,-0.85,0.64,-1.34,1.056976820937905
554,0.74,0.4,0.65,-0.7,0.34,-1.28,1.0630616162763098
555,0.74,0.4,0.65,-0.61,0.34,-1.16,1.0630616162763098
556,0.74,0.4,0.65,-0.18,0.43,-1.25,1.0630616162763098
557,0.74,0.4,0.65,0.15,0.37,-1.04,1.0630616162763098
558,0.74,0.39,0.65,0.4,0.06,-0.7,1.0593394168065304
559,0.74,0.39,0.65,0.98,-0.34,-0.46,1.0593394168065304
560,0.74,0.4,0.65,1.4,-0.06,-0.37,1.0630616162763098
561,0.74,0.39,0.65,1.59,-0.15,0.06,1.0593394168065304
562,0.74,0.39,0.65,1.25,-0.91,0.37,1.0593394168065304
563,0.74,0.38,0.65,1.71,-1.16,0.21,1.0556988206870368
564,0.75,0.39,0.65,2.44,-1.19,0.12,1.0663489110042734
565,0.74,0.39,0.65,2.41,-1.13,0.3,1.0593394168065304
566,0.74,0.39,0.65,2.56,-1.1,0.46,1.0593394168065304
567,0.74,0.39,0.64,2.77,-1.1,0.3,1.0532331175955303
568,0.75,0.39,0.65,2.71,-1.13,0.4,1.0663489110042734
569,0.75,0.39,0.64,2.62,-0.95,0.21,1.0602829810951415
570,0.75,0.39,0.64,2.62,-0.98,-0.09,1.0602829810951415
571,0.74,0.39,0.64,2.26,-1.04,-0.15,1.0532331175955303
572,0.74,0.4,0.63,1.77,-0.82,0.0,1.050951949424901
573,0.74,0.4,0.64,1.71,-0.55,-0.24,1.056976820937905
574,0.74,0.39,0.64,1.04,-0.55,-0.21,1.0532331175955303
575,0.74,0.39,0.64,0.88,-0.34,-0.18,1.0532331175955303
576,0.75,0.39,0.64,0.55,0.0,-0.34,1.0602829810951415
577,0.75,0.39,0.64,0.3,0.21,-0.52,1.0602829810951415
578,0.75,0.39,0.64,0.37,0.15,-0.79,1.0602829810951415
579,0.74,0.39,0.63,0.24,0.15,-1.04,1.0471867073258714
580,0.74,0.39,0.63,0.06,0.12,-0.79,1.0471867073258714
581,0.74,0.39,0.63,-0.09,0.0,-1.28,1.0471867073258714
582,0.74,0.38,0.64,0.09,0.27,-1.34,1.049571341072154
583,0.74,0.38,0.64,0.0,0.03,-1.28,1.049571341072154
584,0.73,0.39,0.64,0.37,0.03,-1.43,1.0462313319720453
585,0.73,0.38,0.63,1.01,0.27,-1.25,1.036436201606254
586,0.74,0.38,0.64,1.31,-0.06,-1.4,1.049571341072154
587,0.72,0.38,0.64,1.71,0.03,-1.1,1.0355674772799695
588,0.74,0.37,0.64,2.26,0.15,-0.95,1.0459923517884824
589,0.74,0.37,0.64,2.96,0.34,-1.25,1.0459923517884824
590,0.72,0.37,0.63,3.29,0.24,-1.04,1.0257680049601858
591,0.73,0.37,0.64,3.84,0.64,-1.28,1.0389417693018217
592,0.74,0.37,0.63,4.57,0.98,-1.49,1.0399038417084534
593,0.72,0.37,0.63,4.73,0.98,-1.16,1.0257680049601858
594,0.72,0.38,0.63,4.85,0.7,-1.59,1.029417310909429
595,0.74,0.37,0.63,4.7,0.88,-1.77,1.0399038417084534
596,0.74,0.38,0.63,4.39,1.25,-2.01,1.0435037134576954
597,0.74,0.38,0.63,3.9,1.43,-2.01,1.0435037134576954
598,0.73,0.39,0.63,3.38,2.07,-2.04,1.0401442207694085
599,0.73,0.39,0.63,2.62,1.86,-2.16,1.0401442207694085
600,0.72,0.38,0.64,2.04,1.46,-1.86,1.0355674772799695
601,0.72,0.39,0.64,1.31,1.28,-2.5,1.0392785959500945
602,0.74,0.38,0.63,1.16,1.01,-3.14,1.0435037134576954
603,0.73,0.38,0.64,0.49,0.98,-3.35,1.042544963059148
604,0.75,0.39,0.64,0.15,0.82,-3.57,1.0602829810951415
605,0.73,0.39,0.64,-0.34,0.03,-3.9,1.0462313319720453
606,0.73,0.39,0.64,-0.03,-0.03,-3.84,1.0462313319720453
607,0.74,0.38,0.65,-0.12,0.06,-3.48,1.0556988206870368
608,0.74,0.38,0.64,0.15,0.06,-3.41,1.049571341072154
609,0.73,0.38,0.64,0.4,0.37,-3.66,1.042544963059148
610,0.73,0.38,0.64,0.79,0.21,-3.35,1.042544963059148
611,0.74,0.38,0.64,1.19,-0.03,-3.84,1.049571341072154
612,0.74,0.39,0.64,1.46,0.03,-3.66,1.0532331175955303
613,0.74,0.39,0.65,1.62,-0.06,-3.75,1.0593394168065304
614,0.74,0.4,0.63,1.83,0.3,-3.96,1.050951949424901
615,0.74,0.4,0.63,1.77,0.06,-3.93,1.050951949424901
616,0.74,0.4,0.63,1.43,0.03,-3.75,1.050951949424901
617,0.74,0.41,0.63,1.77,0.43,-3.81,1.0547985589675406
618,0.74,0.41,0.64,1.52,0.67,-3.08,1.060801583709225
619,0.74,0.41,0.63,1.4,0.06,-2.87,1.0547985589675406
620,0.74,0.41,0.64,1.86,0.12,-2.68,1.060801583709225
621,0.74,0.41,0.64,2.01,0.24,-2.59,1.060801583709225
622,0.75,0.41,0.64,2.29,-0.09,-2.44,1.067801479676817
623,0.74,0.41,0.64,2.01,0.0,-2.29,1.060801583709225
624,0.75,0.41,0.64,2.2,-0.03,-2.38,1.067801479676817
625,0.75,0.41,0.64,1.89,-0.18,-1.98,1.067801479676817
626,0.74,0.41,0.65,2.1,-0.3,-1.74,1.0668645649753299
627,0.74,0.41,0.65,2.04,-0.06,-1.46,1.0668645649753299
628,0.74,0.41,0.64,2.2,-0.12,-1.07,1.060801583709225
629,0.75,0.4,0.64,2.38,-0.37,-1.04,1.0640018796975879
630,0.74,0.41,0.65,2.56,-0.24,-0.7,1.0668645649753299
631,0.75,0.41,0.65,2.41,-0.27,-0.64,1.0738249391777042
632,0.75,0.41,0.65,2.41,-0.4,-0.46,1.0738249391777042
633,0.74,0.41,0.65,2.84,-0.55,-0.4,1.0668645649753299
634,0.74,0.41,0.65,2.74,-0.52,-0.09,1.0668645649753299
635,0.74,0.4,0.65,3.23,-0.85,-0.09,1.0630616162763098
636,0.75,0.4,0.65,2.93,-0.76,0.4,1.0700467279516348
637,0.74,0.4,0.66,3.11,-0.98,0.34,1.0692053123698928
638,0.74,0.4,0.65,3.48,-0.82,0.55,1.0630616162763098
639,0.74,0.4,0.65,3.54,-0.98,0.49,1.0630616162763098
640,0.74,0.39,0.65,3.41,-1.1,0.21,1.0593394168065304
641,0.74,0.39,0.65,3.93,-1.07,0.67,1.0593394168065304
642,0.74,0.39,0.65,4.02,-0.98,0.58,1.0593394168065304
643,0.75,0.39,0.65,4.36,-1.19,0.64,1.0663489110042734
644,0.74,0.39,0.65,4.09,-1.49,0.12,1.0593394168065304
645,0.74,0.38,0.65,3.93,-1.55,0.15,1.0556988206870368
646,0.74,0.38,0.64,3.75,-1.46,0.06,1.049571341072154
647,0.74,0.39,0.65,3.48,-1.62,-0.18,1.0593394168065304
648,0.74,0.39,0.64,2.99,-1.8,-0.24,1.0532331175955303
649,0.74,0.39,0.65,2.35,-1.71,-0.55,1.0593394168065304
650,0.74,0.39,0.64,1.89,-1.62,-0.76,1.0532331175955303
651,0.74,0.39,0.64,1.98,-1.59,-0.43,1.0532331175955303
652,0.74,0.4,0.63,1.28,-1.37,-0.82,1.050951949424901
653,0.75,0.39,0.63,1.37,-1.25,-1.16,1.0542770034483346
654,0.74,0.39,0.64,1.07,-0.76,-1.16,1.0532331175955303
655,0.74,0.4,0.64,1.07,-0.3,-1.34,1.056976820937905
656,0.74,0.39,0.64,0.91,-0.18,-1.16,1.0532331175955303
657,0.74,0.4,0.64,0.7,0.12,-1.4,1.056976820937905
658,0.75,0.4,0.64,0.88,0.73,-1.19,1.0640018796975879
659,0.74,0.4,0.64,0.76,0.34,-1.43,1.056976820937905
660,0.74,0.4,0.64,0.58,0.7,-1.46,1.056976820937905
661,0.74,0.39,0.64,1.1,0.7,-1.01,1.0532331175955303
662,0.74,0.39,0.64,1.46,0.46,-0.76,1.0532331175955303
663,0.74,0.39,0.64,1.98,0.82,-0.82,1.0532331175955303
664,0.75,0.39,0.64,2.47,0.64,-0.7,1.0602829810951415
665,0.74,0.38,0.65,3.05,0.46,-1.1,1.0556988206870368
666,0.74,0.39,0.65,3.29,0.52,-0.79,1.0593394168065304
667,0.72,0.39,0.64,3.63,0.73,-0.7,1.0392785959500945
668,0.73,0.39,0.64,4.12,0.49,-0.18,1.0462313319720453
669,0.73,0.39,0.64,4.05,0.27,-0.76,1.0462313319720453
670,0.75,0.39,0.64,3.87,-0.03,-0.61,1.0602829810951415
671,0.75,0.39,0.64,4.12,-0.06,-0.21,1.0602829810951415
672,0.74,0.39,0.64,4.3,0.24,-0.43,1.0532331175955303
673,0.74,0.39,0.64,3.9,0.06,-0.61,1.0532331175955303
674,0.74,0.38,0.64,3.72,-0.24,-0.98,1.049571341072154
675,0.74,0.38,0.64,3.32,0.18,-0.79,1.049571341072154
676,0.74,0.38,0.64,3.14,0.15,-1.28,1.049571341072154
677,0.74,0.38,0.64,2.65,0.21,-1.37,1.049571341072154
678,0.74,0.38,0.63,2.53,0.3,-1.68,1.0435037134576954
679,0.74,0.37,0.63,2.41,0.37,-1.77,1.0399038417084534
680,0.74,0.37,0.64,1.95,0.27,-1.89,1.0459923517884824
681,0.73,0.37,0.64,1.77,0.34,-2.26,1.0389417693018217
682,0.73,0.37,0.63,1.62,0.58,-2.53,1.032811696293182
683,0.75,0.38,0.64,1.4,0.52,-2.77,1.0566456359631644
684,0.75,0.38,0.63,0.67,0.85,-3.17,1.0506188652408637
685,0.74,0.38,0.64,0.15,0.64,-3.41,1.049571341072154
686,0.73,0.39,0.64,0.21,0.76,-3.35,1.0462313319720453
687,0.74,0.39,0.64,0.12,1.62,-3.41,1.0532331175955303
688,0.72,0.39,0.63,-0.06,1.25,-3.51,1.0331505214633538
689,0.74,0.39,0.64,-0.21,1.19,-3.54,1.0532331175955303
690,0.74,0.39,0.65,0.37,1.28,-3.69,1.0593394168065304
691,0.74,0.4,0.65,0.24,1.16,-4.02,1.0630616162763098
692,0.75,0.4,0.65,0.46,1.34,-3.78,1.0700467279516348
693,0.74,0.4,0.65,0.73,1.16,-3.66,1.0630616162763098
694,0.73,0.4,0.64,1.46,0.98,-3.75,1.05
695,0.73,0.41,0.64,1.46,0.88,-3.17,1.0538500842150176
696,0.74,0.4,0.64,1.65,0.67,-3.23,1.056976820937905
697,0.74,0.4,0.64,1.95,0.55,-3.17,1.056976820937905
698,0.74,0.4,0.64,2.26,0.55,-2.9,1.056976820937905
699,0.74,0.4,0.65,2.9,-0.09,-2.87,1.0630616162763098
700,0.73,0.4,0.65,3.81,0.43,-2.07,1.0561249926026748
701,0.72,0.41,0.64,4.05,-0.12,-1.92,1.0469479452198185
702,0.74,0.41,0.64,3.9,-0.43,-1.65,1.060801583709225
703,0.74,0.41,0.64,4.05,-0.4,-1.68,1.060801583709225
704,0.74,0.41,0.65,4.21,-0.27,-1.46,1.0668645649753299
705,0.74,0.41,0.64,4.02,-0.09,-1.1,1.060801583709225
706,0.74,0.41,0.64,4.21,-0.49,-1.16,1.060801583709225
707,0.74,0.41,0.64,3.9,-1.19,-1.04,1.060801583709225
708,0.75,0.41,0.64,3.66,-1.13,-1.13,1.067801479676817
709,0.74,0.4,0.64,3.45,-0.98,-1.22,1.056976820937905
710,0.75,0.4,0.64,3.57,-0.61,-1.13,1.0640018796975879
711,0.75,0.4,0.64,3.72,-0.06,-1.55,1.0640018796975879
712,0.75,0.4,0.63,3.75,-0.37,-1.4,1.0580170130957254
713,0.74,0.39,0.64,3.45,-0.12,-1.1,1.0532331175955303
714,0.74,0.39,0.64,3.63,0.18,-1.52,1.0532331175955303
715,0.75,0.39,0.64,3.75,0.61,-1.59,1.0602829810951415
716,0.75,0.4,0.64,3.63,0.85,-1.62,1.0640018796975879
717,0.74,0.4,0.63,3.2,1.01,-1.59,1.050951949424901
718,0.75,0.4,0.64,2.96,1.1,-1.95,1.0640018796975879
719,0.74,0.41,0.64,2.5,1.1,-1.92,1.060801583709225
720,0.74,0.41,0.64,1.98,1.01,-1.77,1.060801583709225
721,0.74,0.41,0.65,1.52,1.34,-1.77,1.0668645649753299
722,0.74,0.4,0.64,1.16,1.07,-1.89,1.056976820937905
723,0.74,0.4,0.65,1.4,1.01,-1.74,1.0630616162763098
724,0.74,0.4,0.64,1.16,1.13,-1.59,1.056976820937905
725,0.74,0.4,0.65,1.16,1.46,-1.4,1.0630616162763098
726,0.74,0.4,0.64,1.34,2.13,-1.83,1.056976820937905
727,0.74,0.4,0.64,0.88,1.71,-1.43,1.056976820937905
728,0.74,0.4,0.64,1.16,2.01,-1.34,1.056976820937905
729,0.74,0.4,0.65,1.4,2.41,-1.4,1.0630616162763098
730,0.74,0.4,0.65,1.4,2.35,-1.16,1.0630616162763098
731,0.74,0.4,0.65,1.8,2.41,-0.76,1.0630616162763098
732,0.73,0.4,0.66,1.86,2.13,-0.55,1.0623088063270492
733,0.73,0.4,0.65,2.16,2.41,-0.3,1.0561249926026748
734,0.73,0.4,0.65,2.26,2.01,-0.34,1.0561249926026748
735,0.73,0.4,0.65,2.68,1.68,0.0,1.0561249926026748
736,0.73,0.4,0.65,2.53,1.49,-0.03,1.0561249926026748
737,0.73,0.4,0.66,2.44,0.85,0.34,1.0623088063270492
738,0.73,0.4,0.66,2.47,0.06,0.4,1.0623088063270492
739,0.73,0.4,0.66,2.59,0.18,0.79,1.0623088063270492
740,0.73,0.39,0.67,2.87,-0.03,0.58,1.0648474069086145
741,0.74,0.4,0.66,2.84,-0.52,0.18,1.0692053123698928
742,0.74,0.39,0.66,2.99,-0.88,0.12,1.0655045753069294
743,0.74,0.39,0.66,3.23,-0.95,0.21,1.0655045753069294
744,0.74,0.39,0.66,3.17,-0.82,-0.18,1.0655045753069294
745,0.74,0.39,0.66,3.2,-1.28,0.18,1.0655045753069294
746,0.73,0.39,0.66,3.26,-1.31,-0.09,1.0585839598255775
747,0.74,0.39,0.65,3.45,-1.13,-0.24,1.0593394168065304
748,0.74,0.39,0.64,3.14,-1.43,-0.55,1.0532331175955303
749,0.74,0.39,0.65,3.11,-1.59,-0.67,1.0593394168065304
750,0.74,0.39,0.65,2.68,-1.62,-0.98,1.0593394168065304
751,0.74,0.39,0.65,2.5,-1.49,-0.85,1.0593394168065304
752,0.74,0.4,0.64,2.07,-1.43,-1.04,1.056976820937905
753,0.74,0.4,0.64,1.65,-1.19,-1.22,1.056976820937905
754,0.74,0.4,0.63,1.22,-1.04,-1.25,1.050951949424901
755,0.74,0.4,0.63,0.88,-0.95,-1.43,1.050951949424901
756,0.74,0.4,0.63,0.43,-0.7,-1.4,1.050951949424901
757,0.74,0.4,0.64,-0.21,-0.4,-1.49,1.056976820937905
758,0.74,0.4,0.63,-0.06,-0.27,-1.43,1.050951949424901
759,0.75,0.4,0.63,-0.34,-0.03,-1.31,1.0580170130957254
760,0.73,0.4,0.64,-0.4,0.03,-1.28,1.05
761,0.72,0.4,0.64,-0.09,0.43,-1.19,1.043072384832424
762,0.73,0.4,0.64,0.58,0.64,-0.98,1.05
763,0.74,0.39,0.64,0.52,0.64,-0.95,1.0532331175955303
764,0.73,0.39,0.64,0.98,0.4,-0.46,1.0462313319720453
765,0.73,0.39,0.64,1.59,0.3,-0.52,1.0462313319720453
766,0.73,0.38,0.64,2.01,-0.21,-0.21,1.042544963059148
767,0.73,0.38,0.64,2.56,-0.24,-0.18,1.042544963059148
768,0.73,0.38,0.64,3.05,-0.7,-0.4,1.042544963059148
769,0.73,0.39,0.64,3.45,-1.25,-0.52,1.0462313319720453
770,0.73,0.38,0.65,3.66,-1.62,-0.43,1.0487134975769121
771,0.73,0.38,0.64,3.75,-1.77,-0.24,1.042544963059148
772,0.73,0.38,0.64,4.45,-1.92,-0.52,1.042544963059148
773,0.72,0.39,0.64,4.33,-2.1,-0.49,1.0392785959500945
774,0.75,0.39,0.64,3.96,-1.95,-0.91,1.0602829810951415
775,0.74,0.39,0.63,3.87,-1.37,-1.04,1.0471867073258714
776,0.74,0.39,0.63,3.69,-0.46,-1.4,1.0471867073258714
777,0.74,0.39,0.63,3.14,-0.49,-1.34,1.0471867073258714
778,0.74,0.39,0.63,2.74,-0.21,-1.46,1.0471867073258714
779,0.74,0.39,0.62,1.8,-0.15,-2.01,1.0412012293500235
780,0.74,0.39,0.64,2.01,-0.03,-2.23,1.0532331175955303
781,0.74,0.38,0.63,2.62,0.76,-2.32,1.0435037134576954
782,0.74,0.4,0.63,2.32,0.67,-2.26,1.050951949424901
783,0.74,0.39,0.64,2.01,0.4,-2.9,1.0532331175955303
784,0.74,0.39,0.64,1.92,1.01,-3.38,1.0532331175955303
785,0.74,0.4,0.63,1.68,0.88,-3.35,1.050951949424901
786,0.73,0.41,0.63,1.28,0.95,-3.23,1.047807234180028
787,0.73,0.41,0.64,1.01,0.85,-3.2,1.0538500842150176
788,0.73,0.42,0.64,0.46,0.18,-3.08,1.0577806956075537
789,0.73,0.42,0.63,0.15,-0.3,-3.2,1.0517604289951206
790,0.73,0.42,0.64,-0.52,-0.24,-2.99,1.0577806956075537
791,0.74,0.42,0.63,-0.73,-0.24,-3.02,1.0587256490706174
792,0.74,0.41,0.63,-0.55,-0.12,-2.8,1.0547985589675406
793,0.74,0.42,0.64,-0.67,-0.09,-3.17,1.0647065323364933
794,0.73,0.41,0.64,-0.37,0.12,-2.71,1.0538500842150176
795,0.72,0.42,0.65,-0.03,0.15,-2.32,1.057024124606435
796,0.72,0.42,0.64,0.15,0.3,-2.29,1.050904372433572
797,0.74,0.41,0.64,0.85,0.37,-1.49,1.060801583709225
798,0.74,0.41,0.64,1.1,0.64,-1.55,1.060801583709225
799,0.75,0.41,0.64,1.95,0.55,-1.07,1.067801479676817
800,0.74,0.41,0.65,2.16,0.12,-1.31,1.0668645649753299
801,0.74,0.4,0.65,2.47,0.34,-0.85,1.0630616162763098
802,0.74,0.4,0.65,3.41,0.34,-1.16,1.0630616162763098
803,0.74,0.4,0.65,3.54,0.46,-0.82,1.0630616162763098
804,0.74,0.41,0.65,3.75,0.37,-0.91,1.0668645649753299
805,0.73,0.41,0.65,3.54,0.24,-1.01,1.0599528291391085
806,0.74,0.41,0.64,3.6,0.15,-0.98,1.060801583709225
807,0.73,0.41,0.65,3.14,-0.09,-0.46,1.0599528291391085
808,0.74,0.42,0.65,2.93,-0.52,-0.61,1.0707474025184465
809,0.74,0.41,0.65,2.32,-0.52,-0.27,1.0668645649753299
810,0.74,0.4,0.65,2.26,-0.95,-0.76,1.0630616162763098
811,0.74,0.4,0.65,1.83,-1.37,-0.79,1.0630616162763098
812,0.74,0.4,0.65,1.62,-1.28,-1.07,1.0630616162763098
813,0.74,0.4,0.64,1.49,-1.31,-0.79,1.056976820937905
814,0.74,0.4,0.64,1.74,-0.85,-0.49,1.056976820937905
815,0.74,0.4,0.65,1.68,-0.43,-0.27,1.0630616162763098
816,0.74,0.39,0.65,1.83,-0.52,-0.58,1.0593394168065304
817,0.74,0.4,0.65,1.74,-0.73,-0.85,1.0630616162763098
818,0.74,0.39,0.66,1.71,-0.27,-1.07,1.0655045753069294
819,0.74,0.4,0.66,1.83,-0.43,-1.13,1.0692053123698928
820,0.74,0.41,0.65,1.49,-0.55,-1.19,1.0668645649753299
821,0.74,0.41,0.65,1.52,-0.61,-1.19,1.0668645649753299
822,0.74,0.41,0.64,1.1,-0.95,-1.07,1.060801583709225
823,0.74,0.42,0.64,0.67,-0.61,-1.28,1.0647065323364933
824,0.74,0.42,0.65,0.0,-0.88,-1.16,1.0707474025184465
825,0.74,0.42,0.64,-0.43,-1.01,-1.1,1.0647065323364933
826,0.74,0.41,0.64,-1.13,-1.07,-0.58,1.060801583709225
827,0.74,0.42,0.64,-1.28,-1.01,-0.34,1.0647065323364933
828,0.74,0.41,0.65,-1.43,-0.7,0.03,1.0668645649753299
829,0.74,0.41,0.64,-1.34,-0.46,0.06,1.060801583709225
830,0.74,0.41,0.64,-0.98,-0.7,0.12,1.060801583709225
831,0.74,0.41,0.64,-1.04,-0.79,-0.03,1.060801583709225
832,0.74,0.41,0.64,-1.1,-0.64,-0.06,1.060801583709225
833,0.74,0.41,0.63,-0.91,-0.21,-0.09,1.0547985589675406
834,0.75,0.41,0.63,-0.98,0.09,-0.12,1.061838029079765
835,0.75,0.41,0.63,-0.76,0.21,0.15,1.061838029079765
836,0.74,0.4,0.64,-0.82,0.3,-0.37,1.056976820937905
837,0.74,0.4,0.63,-0.85,0.82,-0.3,1.050951949424901
838,0.75,0.4,0.64,-0.91,0.95,-0.3,1.0640018796975879
839,0.75,0.4,0.63,-0.4,1.07,-0.3,1.0580170130957254
840,0.75,0.4,0.63,-0.46,1.19,-0.4,1.0580170130957254
841,0.74,0.39,0.64,-0.21,1.16,0.09,1.0532331175955303
842,0.74,0.4,0.64,0.27,1.34,-0.15,1.056976820937905
843,0.74,0.39,0.64,0.88,1.16,0.15,1.0532331175955303
844,0.74,0.39,0.64,1.16,0.82,0.18,1.0532331175955303
845,0.74,0.39,0.64,1.4,1.04,0.7,1.0532331175955303
846,0.74,0.39,0.64,1.65,1.1,0.43,1.0532331175955303
847,0.74,0.38,0.63,2.01,0.91,0.67,1.0435037134576954
848,0.74,0.38,0.64,2.65,1.25,0.64,1.049571341072154
849,0.74,0.38,0.64,2.9,1.22,1.07,1.049571341072154
850,0.74,0.38,0.64,3.35,1.1,1.34,1.049571341072154
851,0.73,0.38,0.65,3.35,0.61,1.1,1.0487134975769121
852,0.73,0.38,0.64,3.45,-0.09,0.85,1.042544963059148
853,0.74,0.37,0.64,3.32,0.06,0.73,1.0459923517884824
854,0.74,0.37,0.64,3.87,0.12,0.43,1.0459923517884824
855,0.73,0.37,0.65,3.63,0.4,0.24,1.04513157066467
856,0.73,0.38,0.64,3.51,0.09,0.43,1.042544963059148
857,0.73,0.38,0.64,3.38,0.49,0.0,1.042544963059148
858,0.72,0.38,0.64,3.17,0.34,0.0,1.0355674772799695
859,0.73,0.38,0.63,2.5,0.09,-0.52,1.036436201606254
860,0.73,0.38,0.64,2.44,-0.06,-0.61,1.042544963059148
861,0.73,0.39,0.64,2.01,0.03,-1.1,1.0462313319720453
862,0.73,0.38,0.64,1.8,-0.24,-1.13,1.042544963059148
863,0.72,0.38,0.64,1.68,-0.43,-1.31,1.0355674772799695
864,0.74,0.38,0.64,1.16,0.06,-1.86,1.049571341072154
865,0.74,0.38,0.64,1.52,0.34,-1.8,1.049571341072154
866,0.74,0.38,0.64,1.68,0.82,-1.83,1.049571341072154
867,0.74,0.38,0.63,1.59,0.98,-2.1,1.0435037134576954
868,0.73,0.38,0.64,1.71,1.25,-2.26,1.042544963059148
869,0.73,0.38,0.63,1.92,1.31,-2.38,1.036436201606254
870,0.73,0.39,0.64,2.23,1.43,-2.53,1.0462313319720453
871,0.75,0.39,0.64,2.07,1.59,-2.74,1.0602829810951415
872,0.74,0.39,0.64,2.26,1.92,-2.53,1.0532331175955303
873,0.73,0.4,0.64,2.16,2.04,-2.44,1.05
874,0.72,0.4,0.64,1.92,1.92,-2.41,1.043072384832424
875,0.74,0.4,0.64,1.25,1.77,-2.44,1.056976820937905
876,0.72,0.4,0.64,1.25,1.49,-2.35,1.043072384832424
877,0.73,0.4,0.65,1.19,1.46,-2.04,1.0561249926026748
878,0.73,0.4,0.65,1.28,2.04,-1.98,1.0561249926026748
879,0.73,0.41,0.65,1.1,1.62,-1.68,1.0599528291391085
880,0.74,0.41,0.65,0.82,1.62,-2.1,1.0668645649753299
881,0.74,0.4,0.65,0.64,1.46,-2.16,1.0630616162763098
882,0.75,0.41,0.65,0.88,0.61,-1.98,1.0738249391777042
883,0.73,0.41,0.65,0.82,0.61,-1.74,1.0599528291391085
884,0.72,0.41,0.66,1.1,0.52,-1.4,1.059292216529509
885,0.73,0.41,0.66,1.49,0.3,-1.59,1.066114440386209
886,0.72,0.41,0.66,1.89,0.18,-1.16,1.059292216529509
887,0.74,0.41,0.66,1.86,0.21,-0.55,1.0729864864013898
888,0.73,0.41,0.65,1.98,0.55,-1.34,1.0599528291391085
889,0.74,0.42,0.66,2.13,-0.12,-0.91,1.0768472500777444
890,0.74,0.42,0.66,2.2,-0.03,-0.64,1.0768472500777444
891,0.73,0.42,0.65,2.16,-0.27,-0.64,1.0638608931622593
892,0.75,0.41,0.66,2.35,-0.67,-0.24,1.079907403437906
893,0.73,0.41,0.65,2.59,-1.07,-0.46,1.0599528291391085
894,0.73,0.4,0.66,2.77,-0.85,-0.18,1.0623088063270492
895,0.75,0.4,0.66,3.38,-0.7,0.03,1.0761505470890214
896,0.75,0.4,0.66,3.63,-0.24,0.24,1.0761505470890214
897,0.74,0.41,0.66,3.78,-0.06,0.24,1.0729864864013898
898,0.72,0.4,0.65,3.84,0.0,-0.03,1.049237818609299
899,0.73,0.4,0.66,3.87,-0.55,0.27,1.0623088063270492
900,0.75,0.4,0.66,3.51,-1.1,0.88,1.0761505470890214
901,0.72,0.4,0.65,3.02,-1.04,0.27,1.049237818609299
902,0.74,0.4,0.65,3.17,-1.16,0.37,1.0630616162763098
903,0.73,0.39,0.65,3.35,-1.71,0.21,1.0523782589924593
904,0.74,0.39,0.65,3.41,-1.13,0.4,1.0593394168065304
905,0.74,0.38,0.65,3.6,-0.73,0.21,1.0556988206870368
906,0.74,0.38,0.65,3.72,-0.58,0.09,1.0556988206870368
907,0.74,0.39,0.65,3.69,-0.55,-0.12,1.0593394168065304
908,0.74,0.39,0.64,3.38,-0.52,-0.34,1.0532331175955303
909,0.74,0.39,0.64,3.02,-1.19,-0.3,1.0532331175955303
910,0.73,0.39,0.64,2.65,-1.13,-0.37,1.0462313319720453
911,0.74,0.39,0.64,1.83,-0.88,-0.67,1.0532331175955303
912,0.74,0.39,0.64,1.71,-0.73,-0.55,1.0532331175955303
913,0.74,0.39,0.64,1.31,-0.49,-1.16,1.0532331175955303
914,0.74,0.4,0.64,1.43,-0.18,-1.01,1.056976820937905
915,0.74,0.4,0.63,1.25,-0.03,-0.98,1.050951949424901
916,0.74,0.4,0.64,0.24,-0.27,-1.13,1.056976820937905
917,0.74,0.4,0.64,-0.12,-0.12,-1.22,1.056976820937905
918,0.73,0.4,0.64,-0.06,0.06,-1.1,1.05
919,0.74,0.4,0.64,-0.24,0.18,-0.88,1.056976820937905
920,0.74,0.39,0.64,-0.21,-0.15,-0.91,1.0532331175955303
921,0.74,0.39,0.65,0.4,-0.4,-1.01,1.0593394168065304
922,0.73,0.39,0.64,0.79,-0.49,-0.79,1.0462313319720453
923,0.74,0.4,0.64,1.1,-0.85,-0.95,1.056976820937905
924,0.73,0.39,0.64,1.43,-0.79,-0.79,1.0462313319720453
925,0.74,0.4,0.64,1.65,-0.27,-0.06,1.056976820937905
926,0.74,0.39,0.64,2.01,-0.34,-0.06,1.0532331175955303
927,0.73,0.4,0.63,2.56,-0.37,0.06,1.0439348638684312
928,0.73,0.39,0.64,2.68,-0.4,0.15,1.0462313319720453
929,0.74,0.39,0.64,3.11,-0.49,0.15,1.0532331175955303
930,0.74,0.39,0.64,3.17,-0.34,-0.24,1.0532331175955303
931,0.74,0.39,0.64,3.35,-0.49,-0.3,1.0532331175955303
932,0.74,0.39,0.64,3.48,-0.09,-0.4,1.0532331175955303
933,0.74,0.39,0.64,3.51,0.0,-0.15,1.0532331175955303
934,0.74,0.4,0.64,3.41,0.03,-0.7,1.056976820937905
935,0.75,0.39,0.63,3.11,-0.21,-0.61,1.0542770034483346
936,0.74,0.4,0.63,3.02,0.06,-0.73,1.050951949424901
937,0.74,0.4,0.63,2.53,0.24,-0.61,1.050951949424901
938,0.74,0.41,0.63,2.13,0.43,-0.79,1.0547985589675406
939,0.74,0.4,0.63,1.52,0.27,-0.91,1.050951949424901
940,0.74,0.4,0.63,1.28,0.09,-0.58,1.050951949424901
941,0.74,0.4,0.63,0.64,0.34,-1.1,1.050951949424901
942,0.74,0.4,0.63,0.43,0.46,-1.19,1.050951949424901
943,0.74,0.4,0.64,0.09,0.61,-1.16,1.056976820937905
944,0.74,0.4,0.63,-0.21,0.61,-1.37,1.050951949424901
945,0.74,0.4,0.64,-0.3,0.58,-1.4,1.056976820937905
946,0.74,0.39,0.64,-0.09,0.79,-1.31,1.0532331175955303
947,0.73,0.39,0.64,-0.06,1.16,-0.79,1.0462313319720453
948,0.73,0.39,0.64,0.46,0.91,-1.13,1.0462313319720453
949,0.74,0.39,0.64,0.52,1.25,-1.22,1.0532331175955303
950,0.74,0.39,0.64,1.13,1.19,-1.13,1.0532331175955303
951,0.74,0.39,0.64,1.55,1.43,-1.01,1.0532331175955303
952,0.74,0.38,0.64,1.89,1.1,-0.85,1.049571341072154
953,0.73,0.39,0.65,2.44,1.52,-0.98,1.0523782589924593
954,0.73,0.39,0.65,2.71,1.31,-0.61,1.0523782589924593
955,0.72,0.39,0.65,3.23,0.88,-0.7,1.0454664030948102
956,0.72,0.4,0.65,3.17,0.88,-0.3,1.049237818609299
957,0.73,0.4,0.64,3.02,0.24,-0.3,1.05
958,0.73,0.4,0.65,2.96,0.06,-0.43,1.0561249926026748
959,0.73,0.4,0.65,3.11,-0.03,-0.27,1.0561249926026748
960,0.73,0.4,0.65,2.9,-0.3,-0.49,1.0561249926026748
961,0.73,0.39,0.65,2.74,-0.91,-0.61,1.0523782589924593
962,0.73,0.39,0.65,2.41,-0.95,-0.61,1.0523782589924593
963,0.74,0.4,0.64,2.35,-0.52,-0.49,1.056976820937905
964,0.75,0.39,0.64,2.16,-1.01,-0.64,1.0602829810951415
965,0.74,0.4,0.65,2.23,-1.31,-0.58,1.0630616162763098
966,0.74,0.39,0.65,1.98,-0.85,-0.67,1.0593394168065304
967,0.75,0.39,0.65,2.23,-0.67,-0.7,1.0663489110042734
968,0.74,0.39,0.65,2.59,-0.91,-0.79,1.0593394168065304
969,0.74,0.38,0.64,2.74,-0.76,-0.67,1.049571341072154
970,0.74,0.39,0.64,2.77,-0.88,-0.82,1.0532331175955303
971,0.74,0.39,0.64,2.71,-0.76,-1.04,1.0532331175955303
972,0.74,0.39,0.64,2.68,-0.52,-1.22,1.0532331175955303
973,0.74,0.4,0.64,2.56,-0.49,-1.31,1.056976820937905
974,0.74,0.4,0.64,2.01,-0.46,-1.1,1.056976820937905
975,0.74,0.4,0.64,1.74,-0.73,-1.43,1.056976820937905
976,0.74,0.4,0.64,1.4,-0.24,-1.43,1.056976820937905
977,0.74,0.41,0.63,1.16,-0.37,-1.62,1.0547985589675406
978,0.74,0.41,0.63,0.64,0.03,-1.55,1.0547985589675406
979,0.74,0.41,0.64,0.09,0.15,-1.52,1.060801583709225
980,0.74,0.4,0.64,0.03,0.3,-1.65,1.056976820937905
981,0.74,0.4,0.64,-0.4,0.12,-1.62,1.056976820937905
982,0.74,0.4,0.64,-0.18,-0.18,-1.43,1.056976820937905
983,0.75,0.4,0.65,0.15,-0.06,-1.16,1.0700467279516348
984,0.74,0.4,0.65,0.7,0.34,-1.07,1.0630616162763098
985,0.72,0.39,0.65,0.98,0.12,-1.25,1.0454664030948102
986,0.73,0.4,0.66,1.34,0.15,-0.95,1.0623088063270492
987,0.74,0.4,0.65,1.74,0.34,-0.76,1.0630616162763098
988,0.75,0.4,0.64,2.32,0.21,-0.4,1.0640018796975879
989,0.74,0.39,0.65,2.38,0.0,-0.52,1.0593394168065304
990,0.73,0.4,0.65,2.59,-0.03,-0.18,1.0561249926026748
991,0.74,0.4,0.64,3.23,0.06,-0.15,1.056976820937905
992,0.74,0.39,0.65,3.51,0.21,0.12,1.0593394168065304
993,0.74,0.4,0.65,3.54,0.09,-0.06,1.0630616162763098
994,0.74,0.4,0.64,3.66,0.06,0.21,1.056976820937905
995,0.73,0.4,0.65,3.69,-0.34,0.15,1.0561249926026748
996,0.74,0.4,0.64,3.26,-0.21,0.0,1.056976820937905
997,0.74,0.4,0.64,3.29,-0.27,0.09,1.056976820937905
998,0.74,0.4,0.63,2.9,-0.3,-0.09,1.050951949424901
999,0.74,0.4,0.64,2.77,0.06,0.0,1.056976820937905
1000,0.74,0.4,0.64,2.1,-0.55,-0.09,1.056976820937905
1001,0.75,0.39,0.64,1.83,-0.21,-0.4,1.0602829810951415
1002,0.75,0.39,0.64,1.59,-0.15,-0.85,1.0602829810951415
1003,0.75,0.4,0.64,1.19,0.12,-0.76,1.0640018796975879
1004,0.75,0.4,0.63,0.85,0.0,-0.85,1.0580170130957254
1005,0.75,0.39,0.64,0.46,-0.09,-0.88,1.0602829810951415
1006,0.74,0.39,0.63,0.76,0.24,-1.19,1.0471867073258714
1007,0.75,0.39,0.64,0.49,0.85,-1.37,1.0602829810951415
1008,0.75,0.39,0.64,1.07,1.43,-1.74,1.0602829810951415
1009,0.75,0.39,0.64,1.19,1.74,-1.49,1.0602829810951415
1010,0.74,0.4,0.64,1.4,1.95,-1.68,1.056976820937905
1011,0.74,0.4,0.64,0.98,1.65,-1.28,1.056976820937905
1012,0.74,0.4,0.64,0.91,1.55,-1.28,1.056976820937905
1013,0.74,0.41,0.64,0.7,1.65,-1.37,1.060801583709225
1014,0.73,0.41,0.64,0.3,0.91,-1.31,1.0538500842150176
1015,0.74,0.41,0.65,0.27,1.19,-1.04,1.0668645649753299
1016,0.73,0.41,0.65,0.21,0.88,-0.37,1.0599528291391085
1017,0.73,0.41,0.65,0.27,0.64,-0.24,1.0599528291391085
1018,0.73,0.4,0.65,0.55,0.46,-0.09,1.0561249926026748
1019,0.73,0.4,0.65,0.88,0.43,0.34,1.0561249926026748
1020,0.73,0.4,0.65,1.31,0.67,0.55,1.0561249926026748
1021,0.73,0.4,0.65,1.46,0.15,0.95,1.0561249926026748
1022,0.73,0.39,0.65,2.04,-0.37,0.58,1.0523782589924593
1023,0.74,0.39,0.65,2.5,-0.82,0.37,1.0593394168065304
1024,0.73,0.39,0.65,2.96,-0.91,0.76,1.0523782589924593
1025,0.73,0.38,0.65,3.72,-0.34,0.46,1.0487134975769121
1026,0.73,0.39,0.65,4.48,-0.34,0.52,1.0523782589924593
1027,0.74,0.38,0.65,4.82,-0.15,0.55,1.0556988206870368
1028,0.74,0.38,0.65,4.94,0.09,0.4,1.0556988206870368
1029,0.74,0.38,0.65,5.09,0.24,0.43,1.0556988206870368
1030,0.73,0.38,0.64,5.12,0.64,0.18,1.042544963059148
1031,0.74,0.39,0.65,4.63,0.27,-0.15,1.0593394168065304
1032,0.74,0.39,0.64,3.9,0.06,-0.37,1.0532331175955303
1033,0.74,0.39,0.64,3.66,-0.06,-0.61,1.0532331175955303
1034,0.74,0.39,0.65,3.11,0.34,-0.91,1.0593394168065304
1035,0.73,0.39,0.64,2.65,0.24,-0.76,1.0462313319720453
1036,0.74,0.38,0.64,2.04,0.37,-1.28,1.049571341072154
1037,0.74,0.38,0.64,1.65,0.64,-1.59,1.049571341072154
1038,0.74,0.39,0.64,0.98,0.76,-1.55,1.0532331175955303
1039,0.74,0.39,0.64,0.64,1.13,-1.86,1.0532331175955303
1040,0.74,0.39,0.63,0.21,1.16,-2.07,1.0471867073258714
1041,0.73,0.39,0.64,-0.43,0.64,-2.13,1.0462313319720453
1042,0.74,0.39,0.63,-0.61,0.88,-2.32,1.0471867073258714
1043,0.73,0.39,0.64,-0.67,0.91,-2.44,1.0462313319720453
1044,0.74,0.39,0.64,-0.7,1.04,-2.77,1.0532331175955303
1045,0.74,0.39,0.64,-0.73,0.98,-2.41,1.0532331175955303
1046,0.74,0.39,0.64,-0.52,0.85,-3.02,1.0532331175955303
1047,0.74,0.39,0.64,-0.03,0.64,-2.96,1.0532331175955303
1048,0.74,0.39,0.64,0.12,0.91,-2.5,1.0532331175955303
1049,0.73,0.39,0.65,0.79,1.22,-2.38,1.0523782589924593
1050,0.73,0.39,0.65,0.98,0.95,-2.1,1.0523782589924593
1051,0.73,0.39,0.64,1.59,0.67,-1.77,1.0462313319720453
1052,0.73,0.4,0.64,2.29,0.91,-1.49,1.05
1053,0.73,0.4,0.64,2.29,0.4,-1.71,1.05
1054,0.74,0.41,0.65,2.59,0.15,-1.31,1.0668645649753299
1055,0.75,0.41,0.64,2.8,0.12,-1.22,1.067801479676817
1056,0.73,0.4,0.64,3.02,0.06,-1.1,1.05
1057,0.73,0.41,0.65,2.8,-0.4,-0.61,1.0599528291391085
1058,0.73,0.4,0.65,3.08,-0.43,-0.52,1.0561249926026748
1059,0.72,0.4,0.64,3.32,-0.15,-0.55,1.043072384832424
1060,0.74,0.4,0.64,2.96,0.34,-0.27,1.056976820937905
1061,0.74,0.41,0.64,2.84,0.46,-0.55,1.060801583709225
1062,0.74,0.41,0.64,2.53,0.21,-0.52,1.060801583709225
1063,0.74,0.41,0.65,2.47,0.24,-0.46,1.0668645649753299
1064,0.74,0.41,0.64,2.16,-0.15,-0.58,1.060801583709225
1065,0.75,0.41,0.65,1.89,0.37,-0.79,1.0738249391777042
1066,0.74,0.41,0.64,1.59,0.49,-0.52,1.060801583709225
1067,0.74,0.4,0.65,1.62,0.79,-0.46,1.0630616162763098
1068,0.74,0.41,0.65,1.77,0.73,-0.27,1.0668645649753299
1069,0.74,0.41,0.65,1.43,0.64,-0.4,1.0668645649753299
1070,0.74,0.4,0.65,1.83,0.49,-0.21,1.0630616162763098
1071,0.74,0.4,0.65,1.77,0.52,-0.37,1.0630616162763098
1072,0.74,0.4,0.66,2.13,-0.09,-0.43,1.0692053123698928
1073,0.74,0.4,0.65,2.53,-0.37,-0.15,1.0630616162763098
1074,0.74,0.39,0.66,2.87,-0.12,-0.09,1.0655045753069294
1075,0.73,0.39,0.66,3.45,0.27,0.49,1.0585839598255775
1076,0.75,0.4,0.65,3.81,-0.12,0.61,1.0700467279516348
1077,0.74,0.4,0.65,4.09,-0.06,0.37,1.0630616162763098
1078,0.75,0.39,0.65,3.9,-0.34,0.85,1.0663489110042734
1079,0.72,0.39,0.65,4.09,-0.55,0.79,1.0454664030948102
1080,0.73,0.39,0.65,3.69,-0.55,1.19,1.0523782589924593
1081,0.73,0.39,0.64,3.66,-0.79,0.85,1.0462313319720453
1082,0.74,0.39,0.65,3.45,-0.76,0.61,1.0593394168065304
1083,0.73,0.39,0.64,2.9,-0.79,0.4,1.0462313319720453
1084,0.74,0.39,0.64,2.5,-0.85,0.24,1.0532331175955303
1085,0.74,0.39,0.65,2.44,-0.73,-0.37,1.0593394168065304
1086,0.74,0.39,0.64,1.89,-0.7,-0.46,1.0532331175955303
1087,0.74,0.39,0.65,1.52,-0.55,-0.7,1.0593394168065304
1088,0.74,0.39,0.65,1.1,0.09,-1.13,1.0593394168065304
1089,0.74,0.39,0.64,1.28,0.73,-0.88,1.0532331175955303
1090,0.73,0.39,0.65,1.07,0.88,-0.79,1.0523782589924593
1091,0.74,0.38,0.64,0.85,1.07,-1.07,1.049571341072154
1092,0.73,0.38,0.64,0.73,1.07,-0.98,1.042544963059148
1093,0.73,0.38,0.65,0.85,1.07,-1.55,1.0487134975769121
1094,0.75,0.39,0.65,0.3,1.04,-1.77,1.0663489110042734
1095,0.73,0.39,0.65,0.24,0.55,-1.62,1.0523782589924593
1096,0.73,0.4,0.65,-0.18,0.18,-1.59,1.0561249926026748
1097,0.73,0.4,0.65,-0.21,0.24,-1.65,1.0561249926026748
1098,0.72,0.4,0.66,-0.3,-0.52,-1.13,1.055461984156701
1099,0.73,0.4,0.65,-0.21,-0.7,-1.22,1.0561249926026748
1100,0.73,0.39,0.66,-0.12,-0.73,-1.01,1.0585839598255775
1101,0.72,0.39,0.66,0.21,-0.85,-0.88,1.0517128885774862
1102,0.72,0.38,0.65,0.79,-1.55,-0.98,1.0417773274553443
1103,0.73,0.38,0.65,1.92,-1.25,-0.49,1.0487134975769121
1104,0.73,0.38,0.65,2.68,-1.16,-0.61,1.0487134975769121
1105,0.73,0.38,0.65,3.48,-1.68,-0.52,1.0487134975769121
1106,0.73,0.38,0.66,4.09,-1.65,-0.82,1.0549407566304376
1107,0.73,0.38,0.65,4.36,-1.37,-0.52,1.0487134975769121
1108,0.73,0.39,0.64,4.91,-1.34,-0.49,1.0462313319720453
1109,0.74,0.39,0.65,4.6,-1.16,-0.52,1.0593394168065304
1110,0.73,0.39,0.64,4.15,-1.13,-0.73,1.0462313319720453
1111,0.73,0.39,0.64,3.75,-0.95,-0.79,1.0462313319720453
1112,0.74,0.39,0.64,3.35,-0.61,-0.55,1.0532331175955303
1113,0.74,0.39,0.64,2.65,-0.67,-1.16,1.0532331175955303
1114,0.74,0.39,0.64,2.01,-0.88,-1.52,1.0532331175955303
1115,0.75,0.39,0.63,1.4,-0.85,-1.74,1.0542770034483346
1116,0.74,0.39,0.64,1.07,-0.79,-2.38,1.0532331175955303
1117,0.74,0.39,0.64,0.61,-0.58,-2.13,1.0532331175955303
1118,0.74,0.4,0.63,0.3,-0.64,-2.74,1.050951949424901
1119,0.73,0.4,0.63,-0.15,-0.76,-2.38,1.0439348638684312
1120,0.73,0.4,0.64,-0.49,-0.52,-3.08,1.05
1121,0.74,0.4,0.64,-0.91,-0.24,-2.87,1.056976820937905
1122,0.74,0.4,0.63,-1.1,-0.06,-2.8,1.050951949424901
1123,0.74,0.4,0.63,-1.07,0.21,-3.11,1.050951949424901
1124,0.74,0.4,0.63,-0.79,0.7,-2.8,1.050951949424901
1125,0.74,0.4,0.63,-0.43,0.85,-2.8,1.050951949424901
1126,0.73,0.4,0.64,0.09,0.98,-2.47,1.05
1127,0.74,0.4,0.63,0.18,0.79,-2.29,1.050951949424901
1128,0.74,0.4,0.63,0.43,1.01,-2.35,1.050951949424901
1129,0.74,0.4,0.64,0.61,1.01,-2.16,1.056976820937905
1130,0.74,0.4,0.64,1.68,1.95,-1.83,1.056976820937905
1131,0.74,0.4,0.65,2.23,2.2,-1.59,1.0630616162763098
1132,0.73,0.41,0.64,2.29,1.71,-1.28,1.0538500842150176
1133,0.74,0.4,0.65,2.96,1.4,-1.19,1.0630616162763098
1134,0.73,0.4,0.65,3.17,1.49,-0.7,1.0561249926026748
1135,0.73,0.4,0.65,3.48,1.37,-0.37,1.0561249926026748
1136,0.73,0.4,0.65,3.48,0.67,-0.64,1.0561249926026748
1137,0.73,0.4,0.65,3.48,0.24,-0.98,1.0561249926026748
1138,0.74,0.4,0.64,3.57,0.27,-0.82,1.056976820937905
1139,0.73,0.4,0.65,3.35,0.06,-0.34,1.0561249926026748
1140,0.74,0.41,0.65,3.54,0.21,-0.43,1.0668645649753299
1141,0.74,0.41,0.65,3.14,0.4,-0.55,1.0668645649753299
1142,0.74,0.41,0.65,2.8,0.03,-0.46,1.0668645649753299
1143,0.73,0.41,0.65,2.44,0.12,-0.49,1.0599528291391085
1144,0.73,0.4,0.66,1.89,-0.09,-0.27,1.0623088063270492
1145,0.73,0.4,0.65,2.26,-0.37,-0.76,1.0561249926026748
1146,0.73,0.4,0.65,2.23,-0.61,-0.55,1.0561249926026748
1147,0.74,0.39,0.65,2.38,-0.34,-0.46,1.0593394168065304
1148,0.73,0.39,0.65,2.56,-0.7,-0.82,1.0523782589924593
1149,0.74,0.39,0.66,2.87,-0.34,-0.15,1.0655045753069294
1150,0.73,0.39,0.65,3.05,-0.52,-0.7,1.0523782589924593
1151,0.75,0.39,0.65,2.87,-0.4,-0.61,1.0663489110042734
1152,0.73,0.39,0.65,3.48,-0.21,-0.21,1.0523782589924593
1153,0.74,0.39,0.65,3.41,-0.67,-0.82,1.0593394168065304
1154,0.74,0.39,0.65,3.11,-0.49,-0.52,1.0593394168065304
1155,0.74,0.39,0.65,3.23,-0.61,-0.7,1.0593394168065304
1156,0.74,0.39,0.65,3.26,-0.21,-0.85,1.0593394168065304
1157,0.73,0.39,0.65,2.99,-0.73,-0.98,1.0523782589924593
1158,0.74,0.4,0.64,2.93,-0.61,-1.25,1.056976820937905
1159,0.72,0.4,0.64,2.62,-0.79,-1.13,1.043072384832424
1160,0.74,0.4,0.65,2.32,-0.4,-0.98,1.0630616162763098
1161,0.74,0.4,0.64,1.92,-0.4,-1.13,1.056976820937905
1162,0.74,0.4,0.64,1.89,0.3,-0.91,1.056976820937905
1163,0.74,0.4,0.64,1.46,0.3,-0.79,1.056976820937905
1164,0.74,0.4,0.64,1.25,0.4,-0.98,1.056976820937905
1165,0.74,0.4,0.65,1.37,0.4,-1.01,1.0630616162763098
1166,0.74,0.39,0.64,1.43,0.61,-1.07,1.0532331175955303
1167,0.74,0.39,0.65,1.31,0.52,-1.04,1.0593394168065304
1168,0.74,0.39,0.65,1.71,0.12,-1.04,1.0593394168065304
1169,0.73,0.39,0.65,1.95,-0.27,-1.13,1.0523782589924593
1170,0.73,0.39,0.65,2.16,-0.12,-0.85,1.0523782589924593
1171,0.73,0.39,0.64,2.16,-0.15,-0.79,1.0462313319720453
1172,0.73,0.4,0.65,2.35,-0.43,-0.82,1.0561249926026748
1173,0.73,0.39,0.65,2.44,-0.46,-0.76,1.0523782589924593
1174,0.75,0.39,0.65,2.87,-0.58,-0.58,1.0663489110042734
1175,0.73,0.39,0.65,3.17,-0.73,-0.37,1.0523782589924593
1176,0.75,0.39,0.64,3.05,-0.34,-0.4,1.0602829810951415
1177,0.72,0.39,0.64,3.32,-0.37,-0.76,1.0392785959500945
1178,0.75,0.39,0.64,3.38,0.03,-1.13,1.0602829810951415
1179,0.73,0.4,0.64,3.23,-0.06,-1.04,1.05
1180,0.74,0.4,0.64,2.65,0.3,-1.4,1.056976820937905
1181,0.73,0.39,0.64,2.29,-0.06,-1.25,1.0462313319720453
1182,0.72,0.39,0.64,2.16,0.43,-1.31,1.0392785959500945
1183,0.72,0.39,0.64,1.89,0.79,-1.28,1.0392785959500945
1184,0.72,0.39,0.64,1.83,0.88,-1.4,1.0392785959500945
1185,0.74,0.38,0.65,1.86,0.98,-1.46,1.0556988206870368
1186,0.73,0.38,0.65,1.89,1.31,-1.74,1.0487134975769121
1187,0.72,0.38,0.64,1.52,1.04,-2.1,1.0355674772799695
1188,0.73,0.38,0.65,1.74,1.07,-2.01,1.0487134975769121
1189,0.74,0.38,0.65,1.77,0.79,-2.1,1.0556988206870368
1190,0.73,0.39,0.65,1.68,0.37,-2.53,1.0523782589924593
1191,0.73,0.38,0.66,1.4,-0.15,-1.98,1.0549407566304376
1192,0.72,0.39,0.66,1.49,-0.24,-1.62,1.0517128885774862
1193,0.73,0.39,0.65,1.65,-0.67,-1.98,1.0523782589924593
1194,0.73,0.39,0.65,1.22,-1.28,-2.32,1.0523782589924593
1195,0.73,0.39,0.65,1.43,-1.1,-2.65,1.0523782589924593
1196,0.74,0.4,0.64,1.37,-1.16,-2.65,1.056976820937905
1197,0.73,0.4,0.65,1.28,-1.13,-2.65,1.0561249926026748
1198,0.73,0.4,0.64,1.07,-1.28,-2.8,1.05
1199,0.74,0.4,0.64,0.98,-1.01,-2.47,1.056976820937905
1200,0.74,0.4,0.64,0.95,-1.07,-2.77,1.056976820937905
1201,0.74,0.41,0.64,0.79,-0.82,-2.38,1.060801583709225
1202,0.73,0.42,0.64,0.76,-0.24,-2.47,1.0577806956075537
1203,0.74,0.41,0.64,0.43,-0.06,-2.04,1.060801583709225
1204,0.74,0.41,0.64,0.55,0.58,-2.53,1.060801583709225
1205,0.74,0.41,0.64,0.34,0.85,-2.26,1.060801583709225
1206,0.74,0.41,0.64,0.49,0.85,-2.04,1.060801583709225
1207,0.73,0.41,0.64,0.43,0.76,-1.86,1.0538500842150176
1208,0.74,0.41,0.65,0.88,0.34,-1.77,1.0668645649753299
1209,0.74,0.4,0.65,1.07,0.55,-1.52,1.0630616162763098
1210,0.74,0.41,0.65,1.52,0.67,-1.68,1.0668645649753299
1211,0.73,0.41,0.65,1.71,0.43,-1.77,1.0599528291391085
1212,0.73,0.41,0.65,1.74,0.3,-1.25,1.0599528291391085
1213,0.73,0.42,0.65,1.65,0.21,-0.95,1.0638608931622593
1214,0.73,0.42,0.65,1.89,-0.18,-0.49,1.0638608931622593
1215,0.73,0.42,0.65,1.62,-0.88,-0.58,1.0638608931622593
1216,0.73,0.41,0.65,2.04,-0.73,0.0,1.0599528291391085
1217,0.73,0.41,0.65,2.44,-1.16,0.03,1.0599528291391085
1218,0.74,0.4,0.65,2.41,-1.22,0.09,1.0630616162763098
1219,0.73,0.4,0.65,2.41,-1.52,0.24,1.0561249926026748
1220,0.73,0.4,0.64,2.62,-1.16,-0.12,1.05
1221,0.74,0.41,0.64,2.41,-1.16,0.24,1.060801583709225
1222,0.74,0.4,0.65,2.47,-1.04,0.0,1.0630616162763098
1223,0.74,0.4,0.64,2.2,-1.16,0.0,1.056976820937905
1224,0.74,0.4,0.64,2.07,-0.88,0.61,1.056976820937905
1225,0.74,0.4,0.65,2.29,-1.34,0.46,1.0630616162763098
1226,0.74,0.4,0.64,2.13,-1.04,0.15,1.056976820937905
1227,0.74,0.4,0.64,2.2,-1.1,0.21,1.056976820937905
1228,0.74,0.4,0.65,2.04,-1.1,-0.09,1.0630616162763098
1229,0.74,0.4,0.64,1.89,-1.37,-0.58,1.056976820937905
1230,0.74,0.41,0.64,1.49,-0.67,-0.79,1.060801583709225
1231,0.74,0.41,0.64,1.25,-0.88,-0.85,1.060801583709225
1232,0.74,0.4,0.64,0.98,-0.21,-0.46,1.056976820937905
1233,0.74,0.4,0.64,0.73,0.43,-0.34,1.056976820937905
1234,0.74,0.4,0.65,0.73,0.21,-0.34,1.0630616162763098
1235,0.74,0.4,0.65,0.82,0.4,-0.4,1.0630616162763098
1236,0.73,0.39,0.64,0.67,0.21,-0.4,1.0462313319720453
1237,0.74,0.39,0.64,1.01,0.43,-0.49,1.0532331175955303
1238,0.74,0.39,0.65,1.25,0.73,-0.73,1.0593394168065304
1239,0.73,0.4,0.65,1.4,0.18,-0.91,1.0561249926026748
1240,0.73,0.4,0.65,0.85,-0.03,-1.16,1.0561249926026748
1241,0.73,0.41,0.66,0.49,-0.15,-1.13,1.066114440386209
1242,0.72,0.4,0.65,0.3,-0.67,-0.73,1.049237818609299
1243,0.73,0.4,0.65,0.24,-0.37,-0.4,1.0561249926026748
1244,0.73,0.4,0.66,0.3,-0.21,-0.21,1.0623088063270492
1245,0.73,0.39,0.65,0.61,-0.55,-0.49,1.0523782589924593
1246,0.73,0.38,0.65,0.95,-1.04,-0.55,1.0487134975769121
1247,0.73,0.38,0.66,1.19,-1.07,-0.52,1.0549407566304376
1248,0.72,0.37,0.65,1.95,-1.25,-0.73,1.0381714694596458
1249,0.73,0.38,0.65,2.68,-1.31,-0.7,1.0487134975769121
1250,0.74,0.39,0.65,2.93,-0.95,-0.64,1.0593394168065304
1251,0.73,0.39,0.66,3.05,-1.1,-1.19,1.0585839598255775
1252,0.73,0.4,0.65,2.9,-1.04,-0.46,1.0561249926026748
1253,0.73,0.4,0.64,2.68,-0.67,-0.64,1.05
1254,0.72,0.4,0.64,2.44,-0.85,-0.18,1.043072384832424
1255,0.73,0.4,0.65,2.38,-0.76,0.0,1.0561249926026748
1256,0.73,0.39,0.64,2.04,-1.07,-0.12,1.0462313319720453
1257,0.74,0.39,0.64,1.77,-1.04,-0.21,1.0532331175955303
1258,0.74,0.39,0.65,1.74,-1.37,-0.85,1.0593394168065304
1259,0.74,0.39,0.64,1.74,-1.01,-0.98,1.0532331175955303
1260,0.74,0.38,0.64,1.98,-1.1,-1.01,1.049571341072154
1261,0.74,0.39,0.64,1.8,-0.95,-1.25,1.0532331175955303
1262,0.74,0.4,0.64,1.62,-1.04,-1.34,1.056976820937905
1263,0.74,0.4,0.64,1.28,-1.25,-1.55,1.056976820937905
1264,0.74,0.4,0.63,0.98,-0.79,-1.22,1.050951949424901
1265,0.75,0.4,0.64,0.85,0.03,-0.76,1.0640018796975879
1266,0.74,0.4,0.63,0.58,0.4,-0.52,1.050951949424901
1267,0.74,0.4,0.64,0.55,0.85,-1.01,1.056976820937905
1268,0.75,0.4,0.64,0.67,0.58,-1.01,1.0640018796975879
1269,0.74,0.39,0.63,0.46,0.58,-1.4,1.0471867073258714
1270,0.74,0.4,0.64,0.88,1.13,-1.31,1.056976820937905
1271,0.74,0.4,0.64,0.76,1.49,-1.1,1.056976820937905
1272,0.75,0.4,0.64,0.46,1.34,-1.31,1.0640018796975879
1273,0.73,0.4,0.65,0.37,1.1,-0.76,1.0561249926026748
1274,0.75,0.4,0.65,0.4,0.52,-0.91,1.0700467279516348
1275,0.74,0.4,0.64,0.18,0.15,-0.58,1.056976820937905
1276,0.73,0.39,0.65,0.43,0.03,-0.37,1.0523782589924593
1277,0.73,0.39,0.65,1.01,0.03,-0.55,1.0523782589924593
1278,0.75,0.39,0.65,1.43,-0.09,0.15,1.0663489110042734
1279,0.75,0.39,0.65,1.77,-0.52,-0.24,1.0663489110042734
1280,0.73,0.38,0.65,2.04,-1.01,-0.49,1.0487134975769121
1281,0.73,0.39,0.64,2.32,-1.04,-0.58,1.0462313319720453
1282,0.72,0.38,0.64,2.53,-1.04,-0.21,1.0355674772799695
1283,0.73,0.38,0.65,3.05,-0.88,-0.21,1.0487134975769121
1284,0.74,0.39,0.65,3.05,-0.88,-0.21,1.0593394168065304
1285,0.74,0.38,0.64,3.6,-0.79,-0.06,1.049571341072154
1286,0.75,0.39,0.64,3.66,-0.55,-0.46,1.0602829810951415
1287,0.74,0.38,0.63,3.93,-0.09,-0.24,1.0435037134576954
1288,0.73,0.39,0.63,3.87,0.03,-0.4,1.0401442207694085
1289,0.74,0.38,0.63,3.78,0.06,-0.43,1.0435037134576954
1290,0.74,0.38,0.64,3.48,0.3,-0.76,1.049571341072154
1291,0.74,0.38,0.63,3.32,0.03,-0.73,1.0435037134576954
1292,0.74,0.38,0.63,3.35,-0.06,-0.98,1.0435037134576954
1293,0.74,0.38,0.63,3.08,0.49,-1.13,1.0435037134576954
1294,0.73,0.39,0.63,2.32,0.55,-1.22,1.0401442207694085
1295,0.74,0.39,0.64,1.95,0.58,-1.31,1.0532331175955303
1296,0.74,0.39,0.63,1.31,0.18,-1.77,1.0471867073258714
1297,0.74,0.39,0.64,1.13,0.49,-1.98,1.0532331175955303
1298,0.74,0.39,0.63,0.82,1.07,-1.68,1.0471867073258714
1299,0.74,0.39,0.64,0.58,0.46,-2.04,1.0532331175955303
1300,0.74,0.39,0.64,0.37,0.24,-1.92,1.0532331175955303
1301,0.74,0.39,0.65,0.09,0.18,-2.07,1.0593394168065304
1302,0.73,0.39,0.64,0.21,0.06,-2.41,1.0462313319720453
1303,0.73,0.39,0.64,0.3,0.03,-2.41,1.0462313319720453
1304,0.74,0.39,0.64,0.27,0.09,-1.89,1.0532331175955303
1305,0.74,0.39,0.65,0.52,0.03,-2.68,1.0593394168065304
1306,0.74,0.4,0.64,0.64,0.06,-2.29,1.056976820937905
1307,0.74,0.4,0.65,1.1,0.03,-2.59,1.0630616162763098
1308,0.74,0.4,0.65,1.55,0.21,-2.01,1.0630616162763098
1309,0.74,0.41,0.65,1.83,0.12,-1.98,1.0668645649753299
1310,0.74,0.4,0.64,1.92,-0.12,-1.8,1.056976820937905
1311,0.74,0.4,0.64,2.47,-0.3,-1.34,1.056976820937905
1312,0.74,0.41,0.65,2.8,0.0,-0.91,1.0668645649753299
1313,0.74,0.41,0.64,2.99,-0.15,-0.95,1.060801583709225
1314,0.73,0.41,0.65,3.26,-0.7,-0.37,1.0599528291391085
1315,0.74,0.4,0.64,3.72,-0.15,-0.03,1.056976820937905
1316,0.74,0.41,0.65,3.69,0.15,0.15,1.0668645649753299
1317,0.74,0.4,0.64,4.15,0.03,-0.4,1.056976820937905
1318,0.74,0.4,0.64,4.18,0.0,-0.18,1.056976820937905
1319,0.74,0.4,0.65,4.3,0.46,0.0,1.0630616162763098
1320,0.74,0.4,0.65,4.27,0.61,0.0,1.0630616162763098
1321,0.74,0.4,0.64,4.18,0.3,-0.06,1.056976820937905
1322,0.74,0.39,0.65,3.99,0.67,0.06,1.0593394168065304
1323,0.74,0.39,0.64,3.93,0.76,-0.24,1.0532331175955303
1324,0.73,0.39,0.65,3.78,0.7,-0.52,1.0523782589924593
1325,0.73,0.39,0.65,3.66,1.04,-0.7,1.0523782589924593
1326,0.74,0.39,0.66,3.2,0.88,-0.7,1.0655045753069294
1327,0.74,0.39,0.65,2.93,1.04,-1.19,1.0593394168065304
1328,0.74,0.39,0.66,2.5,1.01,-1.19,1.0655045753069294
1329,0.74,0.39,0.65,2.2,1.16,-1.28,1.0593394168065304
1330,0.74,0.39,0.65,1.62,0.82,-1.43,1.0593394168065304
1331,0.73,0.39,0.65,1.34,0.67,-1.83,1.0523782589924593
1332,0.73,0.39,0.65,1.31,0.4,-1.92,1.0523782589924593
1333,0.73,0.39,0.66,1.01,0.55,-1.68,1.0585839598255775
1334,0.73,0.39,0.66,0.85,0.67,-1.8,1.0585839598255775
1335,0.73,0.39,0.65,1.04,0.46,-1.52,1.0523782589924593
1336,0.73,0.38,0.67,0.73,-0.24,-1.25,1.0612257064357233
1337,0.73,0.39,0.67,1.04,0.03,-1.25,1.0648474069086145
1338,0.73,0.38,0.66,1.1,-0.55,-1.16,1.0549407566304376
1339,0.73,0.38,0.66,1.22,-0.76,-1.74,1.0549407566304376
1340,0.74,0.38,0.66,1.71,-1.46,-1.89,1.0618851161966627
1341,0.73,0.39,0.66,2.1,-1.62,-2.07,1.0585839598255775
1342,0.73,0.39,0.65,2.23,-1.68,-2.13,1.0523782589924593
1343,0.74,0.4,0.65,2.47,-1.34,-1.98,1.0630616162763098
1344,0.73,0.4,0.64,2.23,-1.49,-2.13,1.05
1345,0.74,0.41,0.65,2.2,-0.98,-2.13,1.0668645649753299
1346,0.74,0.41,0.64,2.26,-0.82,-1.55,1.060801583709225
1347,0.74,0.41,0.64,1.68,-0.88,-1.37,1.060801583709225
1348,0.74,0.41,0.64,1.55,-0.79,-1.37,1.060801583709225
1349,0.75,0.41,0.64,1.16,-0.3,-1.1,1.067801479676817
1350,0.74,0.41,0.64,1.59,-0.52,-1.37,1.060801583709225
1351,0.74,0.41,0.65,1.04,-0.4,-1.49,1.0668645649753299
1352,0.74,0.41,0.64,1.25,0.58,-1.74,1.060801583709225
1353,0.75,0.41,0.64,1.37,0.7,-1.28,1.067801479676817
1354,0.74,0.42,0.64,1.1,0.58,-0.91,1.0647065323364933
1355,0.74,0.42,0.64,1.52,0.88,-0.61,1.0647065323364933
1356,0.74,0.41,0.64,1.49,0.7,0.0,1.060801583709225
1357,0.74,0.41,0.64,1.49,0.55,0.09,1.060801583709225
1358,0.74,0.41,0.66,1.68,0.4,0.3,1.0729864864013898
1359,0.74,0.41,0.65,2.5,0.43,0.52,1.0668645649753299
1360,0.74,0.4,0.65,2.35,-0.34,0.61,1.0630616162763098
1361,0.74,0.4,0.65,2.74,-0.58,0.37,1.0630616162763098
1362,0.74,0.39,0.65,3.05,-0.85,0.58,1.0593394168065304
1363,0.74,0.39,0.65,3.41,-0.85,0.64,1.0593394168065304
1364,0.74,0.39,0.65,3.66,-1.01,0.64,1.0593394168065304
1365,0.74,0.39,0.65,3.57,-0.82,0.61,1.0593394168065304
1366,0.73,0.39,0.65,3.87,-0.55,1.07,1.0523782589924593
1367,0.74,0.38,0.64,4.12,-0.95,1.49,1.049571341072154
1368,0.74,0.38,0.64,3.69,-0.85,1.01,1.049571341072154
1369,0.74,0.38,0.63,3.45,-0.76,0.43,1.0435037134576954
1370,0.74,0.38,0.64,3.48,-0.43,0.12,1.049571341072154
1371,0.74,0.38,0.64,2.62,-0.34,-0.06,1.049571341072154
1372,0.74,0.38,0.63,2.35,0.0,-0.12,1.0435037134576954
1373,0.74,0.38,0.64,1.8,0.27,-0.46,1.049571341072154
1374,0.74,0.38,0.63,1.28,0.3,-0.52,1.0435037134576954
1375,0.74,0.38,0.64,0.61,-0.12,-0.82,1.049571341072154
1376,0.75,0.38,0.64,0.64,-0.06,-1.07,1.0566456359631644
1377,0.75,0.38,0.64,0.27,0.15,-1.37,1.0566456359631644
1378,0.73,0.38,0.64,-0.27,0.27,-1.49,1.042544963059148
1379,0.73,0.38,0.64,0.06,0.12,-1.65,1.042544963059148
1380,0.72,0.38,0.64,0.09,0.15,-1.68,1.0355674772799695
1381,0.73,0.38,0.64,0.18,-0.03,-2.13,1.042544963059148
1382,0.74,0.39,0.64,-0.21,-0.03,-2.53,1.0532331175955303
1383,0.74,0.39,0.64,0.09,0.64,-2.44,1.0532331175955303
1384,0.74,0.38,0.64,0.03,0.61,-1.98,1.049571341072154
1385,0.73,0.38,0.64,0.4,0.98,-2.56,1.042544963059148
1386,0.73,0.39,0.64,0.37,1.04,-2.5,1.0462313319720453
1387,0.73,0.39,0.64,0.49,0.82,-2.41,1.0462313319720453
1388,0.73,0.39,0.64,0.46,1.28,-1.98,1.0462313319720453
1389,0.73,0.39,0.64,0.61,1.16,-2.16,1.0462313319720453
1390,0.73,0.39,0.64,0.79,0.95,-2.04,1.0462313319720453
1391,0.73,0.4,0.65,0.73,0.85,-1.98,1.0561249926026748
1392,0.73,0.4,0.64,1.07,0.64,-2.01,1.05
1393,0.73,0.4,0.64,1.31,0.61,-1.65,1.05
1394,0.73,0.4,0.65,1.4,0.55,-1.68,1.0561249926026748
1395,0.73,0.41,0.65,1.22,0.52,-1.4,1.0599528291391085
1396,0.73,0.41,0.65,1.43,0.52,-1.19,1.0599528291391085
1397,0.72,0.41,0.65,1.59,0.0,-1.25,1.0530906893520615
1398,0.73,0.4,0.65,1.43,-0.61,-1.22,1.0561249926026748
1399,0.73,0.4,0.65,1.8,-0.98,-0.88,1.0561249926026748
1400,0.73,0.4,0.65,2.13,-1.16,-0.95,1.0561249926026748
1401,0.73,0.4,0.66,2.53,-0.98,-0.95,1.0623088063270492
1402,0.73,0.4,0.65,2.77,-1.16,-1.07,1.0561249926026748
1403,0.74,0.4,0.65,2.99,-1.22,-1.04,1.0630616162763098
1404,0.74,0.4,0.64,3.23,-1.04,-0.98,1.056976820937905
1405,0.74,0.4,0.65,3.05,-0.73,-1.07,1.0630616162763098
1406,0.74,0.4,0.65,3.14,-0.82,-1.04,1.0630616162763098
1407,0.74,0.4,0.64,2.96,-0.76,-0.73,1.056976820937905
1408,0.74,0.4,0.65,3.02,-0.88,-1.28,1.0630616162763098
1409,0.74,0.39,0.65,3.08,-0.73,-1.07,1.0593394168065304
1410,0.74,0.39,0.64,3.38,-0.52,-0.85,1.0532331175955303
1411,0.74,0.39,0.65,3.63,-1.07,-0.79,1.0593394168065304
1412,0.73,0.39,0.64,3.51,-0.76,-0.91,1.0462313319720453
1413,0.74,0.39,0.65,3.66,-0.67,-0.85,1.0593394168065304
1414,0.74,0.4,0.65,3.66,-0.95,-0.98,1.0630616162763098
1415,0.74,0.4,0.65,3.2,-1.01,-0.73,1.0630616162763098
1416,0.74,0.4,0.65,3.29,-0.91,-1.1,1.0630616162763098
1417,0.74,0.4,0.64,2.71,-0.91,-0.85,1.056976820937905
1418,0.74,0.4,0.64,2.62,-1.19,-0.95,1.056976820937905
1419,0.74,0.4,0.64,2.04,-1.04,-0.64,1.056976820937905
1420,0.74,0.39,0.64,1.37,-1.04,-1.16,1.0532331175955303
1421,0.74,0.39,0.64,1.19,-0.98,-1.13,1.0532331175955303
1422,0.74,0.4,0.64,1.28,-0.73,-1.28,1.056976820937905
1423,0.74,0.39,0.64,0.91,-0.82,-1.43,1.0532331175955303
1424,0.74,0.39,0.65,0.98,-0.91,-1.49,1.0593394168065304
1425,0.74,0.39,0.65,0.88,-0.27,-1.37,1.0593394168065304
1426,0.74,0.39,0.65,0.91,-0.43,-1.52,1.0593394168065304
1427,0.73,0.39,0.65,0.85,-0.46,-1.62,1.0523782589924593
1428,0.73,0.39,0.65,0.98,-0.03,-1.28,1.0523782589924593
1429,0.73,0.39,0.65,1.55,-0.27,-1.34,1.0523782589924593
1430,0.73,0.39,0.65,1.59,-0.34,-1.4,1.0523782589924593
1431,0.73,0.39,0.65,1.77,-0.37,-1.28,1.0523782589924593
1432,0.73,0.4,0.65,1.8,-0.4,-1.49,1.0561249926026748
1433,0.73,0.4,0.65,1.62,-0.52,-1.37,1.0561249926026748
1434,0.73,0.4,0.66,1.62,-0.55,-1.46,1.0623088063270492
1435,0.73,0.39,0.65,1.55,-0.7,-1.07,1.0523782589924593
1436,0.73,0.39,0.65,1.86,-0.4,-1.07,1.0523782589924593
1437,0.73,0.39,0.65,1.98,-0.55,-0.88,1.0523782589924593
1438,0.73,0.38,0.65,2.32,-0.82,-0.85,1.0487134975769121
1439,0.73,0.39,0.65,3.05,-0.98,-1.22,1.0523782589924593
1440,0.73,0.39,0.65,3.08,-1.01,-1.22,1.0523782589924593
1441,0.73,0.39,0.65,3.35,-0.88,-1.04,1.0523782589924593
1442,0.73,0.39,0.65,3.35,-1.1,-0.79,1.0523782589924593
1443,0.75,0.39,0.64,3.6,-1.43,-1.22,1.0602829810951415
1444,0.74,0.39,0.63,3.29,-1.62,-0.98,1.0471867073258714
1445,0.75,0.39,0.64,3.26,-1.46,-0.88,1.0602829810951415
1446,0.74,0.39,0.64,3.08,-1.37,-1.16,1.0532331175955303
1447,0.74,0.39,0.64,2.8,-0.85,-1.01,1.0532331175955303
1448,0.74,0.39,0.64,2.77,-1.13,-1.13,1.0532331175955303
1449,0.75,0.39,0.63,2.59,-0.79,-1.62,1.0542770034483346
1450,0.75,0.39,0.63,2.01,-0.61,-1.8,1.0542770034483346
1451,0.75,0.4,0.64,1.71,-0.52,-2.47,1.0640018796975879
1452,0.76,0.39,0.62,1.34,-0.06,-2.93,1.0555093557141026
1453,0.74,0.4,0.62,1.16,0.49,-2.84,1.0449880382090506
1454,0.74,0.4,0.64,0.15,-0.03,-2.96,1.056976820937905
1455,0.74,0.4,0.63,0.37,0.4,-2.65,1.050951949424901
1456,0.74,0.4,0.63,-0.27,0.55,-2.65,1.050951949424901
1457,0.74,0.41,0.63,-0.55,0.67,-2.53,1.0547985589675406
1458,0.74,0.4,0.63,-0.49,1.34,-2.35,1.050951949424901
1459,0.74,0.4,0.64,-0.46,1.95,-2.44,1.056976820937905
1460,0.74,0.41,0.64,-0.37,1.8,-2.26,1.060801583709225
1461,0.74,0.41,0.64,-0.12,1.71,-2.41,1.060801583709225
1462,0.73,0.4,0.65,0.0,1.92,-2.29,1.0561249926026748
1463,0.73,0.41,0.65,0.27,1.92,-1.92,1.0599528291391085
1464,0.73,0.4,0.65,0.88,1.95,-1.68,1.0561249926026748
1465,0.73,0.4,0.65,1.07,1.49,-1.4,1.0561249926026748
1466,0.73,0.41,0.65,1.37,0.95,-1.4,1.0599528291391085
1467,0.73,0.4,0.66,1.95,0.3,-0.79,1.0623088063270492
1468,0.73,0.4,0.66,2.71,0.61,-0.85,1.0623088063270492
1469,0.73,0.4,0.66,2.71,0.21,-0.79,1.0623088063270492
1470,0.73,0.4,0.65,2.93,-0.3,-0.55,1.0561249926026748
1471,0.73,0.4,0.67,3.29,-0.4,-0.95,1.0685504199615476
1472,0.73,0.4,0.66,3.45,-0.64,-0.85,1.0623088063270492
1473,0.73,0.4,0.66,3.66,-1.07,-1.04,1.0623088063270492
1474,0.73,0.4,0.65,3.69,-1.07,-0.73,1.0561249926026748
1475,0.73,0.4,0.65,3.48,-0.95,-1.19,1.0561249926026748
1476,0.73,0.4,0.65,3.29,-0.88,-0.73,1.0561249926026748
1477,0.74,0.4,0.65,3.38,-0.98,-0.64,1.0630616162763098
1478,0.72,0.4,0.65,2.77,-0.43,-0.73,1.049237818609299
1479,0.74,0.4,0.65,2.44,-0.4,-0.82,1.0630616162763098
1480,0.74,0.4,0.64,2.44,-0.3,-0.82,1.056976820937905
1481,0.73,0.4,0.65,2.07,-0.21,-0.64,1.0561249926026748
1482,0.73,0.4,0.65,1.77,-0.67,-1.22,1.0561249926026748
1483,0.74,0.4,0.65,1.52,-1.25,-1.13,1.0630616162763098
1484,0.74,0.39,0.65,1.37,-0.76,-0.85,1.0593394168065304
1485,0.74,0.4,0.65,1.43,-0.88,-1.01,1.0630616162763098
1486,0.74,0.39,0.64,1.68,-0.85,-1.16,1.0532331175955303
1487,0.74,0.4,0.65,1.74,-0.43,-1.52,1.0630616162763098
1488,0.73,0.4,0.65,1.77,-0.64,-1.25,1.0561249926026748
1489,0.74,0.4,0.64,1.59,-0.52,-1.07,1.056976820937905
1490,0.74,0.4,0.64,1.55,-0.85,-1.25,1.056976820937905
1491,0.74,0.4,0.64,1.71,-0.06,-1.25,1.056976820937905
1492,0.74,0.41,0.64,1.68,-0.21,-1.28,1.060801583709225
1493,0.74,0.4,0.64,1.74,-0.43,-1.07,1.056976820937905
1494,0.73,0.4,0.64,1.77,-0.49,-0.95,1.05
1495,0.74,0.39,0.64,1.92,-0.55,-0.79,1.0532331175955303
1496,0.73,0.39,0.64,2.38,-0.58,-0.61,1.0462313319720453
1497,0.74,0.39,0.64,2.65,-0.34,-0.4,1.0532331175955303
1498,0.74,0.39,0.64,2.8,-0.27,-0.43,1.0532331175955303
